Session Information:,,,,Device Information:,,,,Oarlock Information:,,,,Oarlock Settings:

Name:,JustGo-3915M,,,Name:,SpeedCoach fixture-device,,,Firmware:,---,,,Boat ID:,---
Start Time:,01/15/2026 06:59:50,,,Model:,SpeedCoach GPS Pro,,,,,,,Seat Number:,---
Type:,Just Go,,,Serial:,fixture-device,,,,,,,Port Starboard:,---
System of Units:,Meters/Split500,,,Firmware Version:,3.03,,,,,,,Oar Length:,---
Speed Input:,GPS,,,Profile Version:,1.16,,,,,,,Inboard Length:,---
,,,,Hardware Version:,Rev 22B,,,,,,,,
,,,,LiNK Version:,2.1.68,,,,,,,,


Session Summary:

Total Intervals,Total Distance (GPS),Total Distance (IMP),Total Elapsed Time,Avg Split (GPS),Avg Speed (GPS),Avg Split (IMP),Avg Speed (IMP),Avg Stroke Rate,Total Strokes,Distance/Stroke (GPS),Distance/Stroke (IMP),Avg Heart Rate,Avg Power,Avg Catch,Avg Slip,Avg Finish,Avg Wash,Avg Force Avg,Avg Work,Avg Force Max,Avg Max Force Angle,Start GPS Lat.,Start GPS Lon.
(Interval),(Meters),(Meters),(HH:MM:SS.tenths),(/500),(M/S),(/500),(M/S),(SPM),(Strokes),(Meters),(Meters),(BPM),(Watts),(Degrees),(Degrees),(Degrees),(Degrees),(Newtons),(Joules),(Newtons),(Degrees),(Degrees),(Degrees)
1,3915.3,0.0,00:25:25.8,00:03:15.3,2.56,00:00:00.0,0.00,22.0,549,7.1,0.0,---,---,---,---,---,---,---,---,---,---,10.0000000,10.0000000


Interval Summaries:

Interval,Total Distance (GPS),Total Distance (IMP),Total Elapsed Time,Avg Split (GPS),Avg Speed (GPS),Avg Split (IMP),Avg Speed (IMP),Avg Stroke Rate,Total Strokes,Distance/Stroke (GPS),Distance/Stroke (IMP),Avg Heart Rate,Avg Power,Avg Catch,Avg Slip,Avg Finish,Avg Wash,Avg Force Avg,Avg Work,Avg Force Max,Avg Max Force Angle,Start GPS Lat.,Start GPS Lon.
(Interval),(Meters),(Meters),(HH:MM:SS.tenths),(/500),(M/S),(/500),(M/S),(SPM),(Strokes),(Meters),(Meters),(BPM),(Watts),(Degrees),(Degrees),(Degrees),(Degrees),(Newtons),(Joules),(Newtons),(Degrees),(Degrees),(Degrees)
1,3915.3,0.0,00:25:25.8,00:03:15.3,2.56,00:00:00.0,0.00,22.0,549,7.1,0.0,---,---,---,---,---,---,---,---,---,---,10.0000000,10.0000000



Per-Stroke Data:

Interval,Distance (GPS),Distance (IMP),Elapsed Time,Split (GPS),Speed (GPS),Split (IMP),Speed (IMP),Stroke Rate,Total Strokes,Distance/Stroke (GPS),Distance/Stroke (IMP),Heart Rate,Power,Catch,Slip,Finish,Wash,Force Avg,Work,Force Max,Max Force Angle,GPS Lat.,GPS Lon.
(Interval),(Meters),(Meters),(HH:MM:SS.tenths),(/500),(M/S),(/500),(M/S),(SPM),(Strokes),(Meters),(Meters),(BPM),(Watts),(Degrees),(Degrees),(Degrees),(Degrees),(Newtons),(Joules),(Newtons),(Degrees),(Degrees),(Degrees)
1,4.5,0.0,00:00:03.1,00:03:46.2,2.21,00:00:00.0,0.00,19.0,1,4.5,0.0,---,---,---,---,---,---,---,---,---,---,10.0000000,10.0000000
1,11.2,0.0,00:00:06.1,00:04:50.7,1.72,00:00:00.0,0.00,21.0,2,6.7,0.0,---,---,---,---,---,---,---,---,---,---,10.0000559,10.0000219
1,18.2,0.0,00:00:08.9,00:03:49.4,2.18,00:00:00.0,0.00,21.5,3,7.0,0.0,---,---,---,---,---,---,---,---,---,---,10.0001154,10.0000430
1,25.5,0.0,00:00:11.7,00:03:21.6,2.48,00:00:00.0,0.00,21.0,4,7.3,0.0,---,---,---,---,---,---,---,---,---,---,10.0001753,10.0000688
1,32.7,0.0,00:00:14.5,00:03:13.1,2.59,00:00:00.0,0.00,21.5,5,7.2,0.0,---,---,---,---,---,---,---,---,---,---,10.0002376,10.0000889
1,39.9,0.0,00:00:17.4,00:03:13.8,2.58,00:00:00.0,0.00,22.0,6,7.2,0.0,---,---,---,---,---,---,---,---,---,---,10.0002989,10.0001093
1,47.2,0.0,00:00:20.2,00:03:11.6,2.61,00:00:00.0,0.00,21.0,7,7.3,0.0,---,---,---,---,---,---,---,---,---,---,10.0003611,10.0001297
1,54.6,0.0,00:00:23.1,00:03:08.7,2.65,00:00:00.0,0.00,21.5,8,7.4,0.0,---,---,---,---,---,---,---,---,---,---,10.0004252,10.0001480
1,62.0,0.0,00:00:25.9,00:03:07.3,2.67,00:00:00.0,0.00,20.0,9,7.4,0.0,---,---,---,---,---,---,---,---,---,---,10.0004896,10.0001657
1,69.2,0.0,00:00:28.9,00:03:09.4,2.64,00:00:00.0,0.00,22.0,10,7.2,0.0,---,---,---,---,---,---,---,---,---,---,10.0005525,10.0001818
1,76.9,0.0,00:00:31.8,00:03:10.8,2.62,00:00:00.0,0.00,21.0,11,7.7,0.0,---,---,---,---,---,---,---,---,---,---,10.0006196,10.0001987
1,84.3,0.0,00:00:34.4,00:03:12.3,2.60,00:00:00.0,0.00,22.0,12,7.3,0.0,---,---,---,---,---,---,---,---,---,---,10.0006836,10.0002151
1,91.9,0.0,00:00:37.4,00:03:13.8,2.58,00:00:00.0,0.00,20.0,13,7.7,0.0,---,---,---,---,---,---,---,---,---,---,10.0007507,10.0002318
1,99.6,0.0,00:00:40.4,00:03:16.9,2.54,00:00:00.0,0.00,21.0,14,7.6,0.0,---,---,---,---,---,---,---,---,---,---,10.0008173,10.0002479
1,106.9,0.0,00:00:43.1,00:03:20.0,2.50,00:00:00.0,0.00,20.0,15,7.4,0.0,---,---,---,---,---,---,---,---,---,---,10.0008811,10.0002649
1,114.4,0.0,00:00:45.9,00:03:19.2,2.51,00:00:00.0,0.00,21.5,16,7.5,0.0,---,---,---,---,---,---,---,---,---,---,10.0009461,10.0002821
1,121.7,0.0,00:00:48.7,00:03:16.9,2.54,00:00:00.0,0.00,21.0,17,7.3,0.0,---,---,---,---,---,---,---,---,---,---,10.0010103,10.0002975
1,129.7,0.0,00:00:51.7,00:03:15.3,2.56,00:00:00.0,0.00,21.0,18,7.9,0.0,---,---,---,---,---,---,---,---,---,---,10.0010799,10.0003126
1,137.1,0.0,00:00:54.6,00:03:13.8,2.58,00:00:00.0,0.00,21.5,19,7.4,0.0,---,---,---,---,---,---,---,---,---,---,10.0011456,10.0003251
1,144.7,0.0,00:00:57.4,00:03:10.8,2.62,00:00:00.0,0.00,21.5,20,7.6,0.0,---,---,---,---,---,---,---,---,---,---,10.0012126,10.0003369
1,152.3,0.0,00:01:00.1,00:03:07.3,2.67,00:00:00.0,0.00,21.0,21,7.6,0.0,---,---,---,---,---,---,---,---,---,---,10.0012802,10.0003475
1,160.2,0.0,00:01:03.1,00:03:07.3,2.67,00:00:00.0,0.00,20.5,22,7.9,0.0,---,---,---,---,---,---,---,---,---,---,10.0013507,10.0003570
1,167.8,0.0,00:01:05.9,00:03:09.4,2.64,00:00:00.0,0.00,21.5,23,7.6,0.0,---,---,---,---,---,---,---,---,---,---,10.0014184,10.0003651
1,175.8,0.0,00:01:08.9,00:03:10.1,2.63,00:00:00.0,0.00,21.0,24,8.0,0.0,---,---,---,---,---,---,---,---,---,---,10.0014900,10.0003729
1,183.0,0.0,00:01:11.5,00:03:10.1,2.63,00:00:00.0,0.00,21.5,25,7.2,0.0,---,---,---,---,---,---,---,---,---,---,10.0015541,10.0003794
1,191.1,0.0,00:01:14.5,00:03:10.1,2.63,00:00:00.0,0.00,21.0,26,8.1,0.0,---,---,---,---,---,---,---,---,---,---,10.0016269,10.0003856
1,198.6,0.0,00:01:17.4,00:03:10.8,2.62,00:00:00.0,0.00,21.5,27,7.5,0.0,---,---,---,---,---,---,---,---,---,---,10.0016941,10.0003907
1,205.7,0.0,00:01:20.1,00:03:09.4,2.64,00:00:00.0,0.00,21.5,28,7.0,0.0,---,---,---,---,---,---,---,---,---,---,10.0017573,10.0003950
1,213.6,0.0,00:01:23.1,00:03:05.9,2.69,00:00:00.0,0.00,20.0,29,7.9,0.0,---,---,---,---,---,---,---,---,---,---,10.0018286,10.0003992
1,220.8,0.0,00:01:25.9,00:03:05.2,2.70,00:00:00.0,0.00,21.5,30,7.2,0.0,---,---,---,---,---,---,---,---,---,---,10.0018935,10.0004033
1,228.9,0.0,00:01:28.9,00:03:03.1,2.73,00:00:00.0,0.00,21.0,31,8.1,0.0,---,---,---,---,---,---,---,---,---,---,10.0019660,10.0004061
1,236.9,0.0,00:01:31.9,00:03:02.5,2.74,00:00:00.0,0.00,21.0,32,7.9,0.0,---,---,---,---,---,---,---,---,---,---,10.0020373,10.0004096
1,244.9,0.0,00:01:34.9,00:03:05.2,2.70,00:00:00.0,0.00,21.0,33,8.1,0.0,---,---,---,---,---,---,---,---,---,---,10.0021097,10.0004145
1,252.5,0.0,00:01:37.4,00:03:08.7,2.65,00:00:00.0,0.00,21.0,34,7.6,0.0,---,---,---,---,---,---,---,---,---,---,10.0021778,10.0004191
1,260.5,0.0,00:01:40.4,00:03:12.3,2.60,00:00:00.0,0.00,21.0,35,8.0,0.0,---,---,---,---,---,---,---,---,---,---,10.0022493,10.0004247
1,268.0,0.0,00:01:43.1,00:03:13.1,2.59,00:00:00.0,0.00,21.5,36,7.5,0.0,---,---,---,---,---,---,---,---,---,---,10.0023163,10.0004307
1,275.6,0.0,00:01:45.9,00:03:12.3,2.60,00:00:00.0,0.00,21.5,37,7.6,0.0,---,---,---,---,---,---,---,---,---,---,10.0023842,10.0004360
1,283.2,0.0,00:01:48.7,00:03:12.3,2.60,00:00:00.0,0.00,21.0,38,7.6,0.0,---,---,---,---,---,---,---,---,---,---,10.0024520,10.0004416
1,290.7,0.0,00:01:51.5,00:03:12.3,2.60,00:00:00.0,0.00,21.5,39,7.5,0.0,---,---,---,---,---,---,---,---,---,---,10.0025191,10.0004468
1,298.5,0.0,00:01:54.5,00:03:10.8,2.62,00:00:00.0,0.00,20.0,40,7.8,0.0,---,---,---,---,---,---,---,---,---,---,10.0025893,10.0004519
1,305.5,0.0,00:01:57.1,00:03:10.1,2.63,00:00:00.0,0.00,22.0,41,7.0,0.0,---,---,---,---,---,---,---,---,---,---,10.0026521,10.0004564
1,313.3,0.0,00:02:00.1,00:03:12.3,2.60,00:00:00.0,0.00,21.5,42,7.8,0.0,---,---,---,---,---,---,---,---,---,---,10.0027220,10.0004614
1,320.6,0.0,00:02:02.9,00:03:14.6,2.57,00:00:00.0,0.00,21.0,43,7.3,0.0,---,---,---,---,---,---,---,---,---,---,10.0027873,10.0004677
1,327.7,0.0,00:02:05.8,00:03:18.4,2.52,00:00:00.0,0.00,21.5,44,7.1,0.0,---,---,---,---,---,---,---,---,---,---,10.0028510,10.0004727
1,335.0,0.0,00:02:08.5,00:03:19.2,2.51,00:00:00.0,0.00,20.5,45,7.3,0.0,---,---,---,---,---,---,---,---,---,---,10.0029163,10.0004777
1,342.6,0.0,00:02:11.5,00:03:18.4,2.52,00:00:00.0,0.00,21.5,46,7.6,0.0,---,---,---,---,---,---,---,---,---,---,10.0029840,10.0004824
1,350.0,0.0,00:02:14.4,00:03:16.1,2.55,00:00:00.0,0.00,21.0,47,7.4,0.0,---,---,---,---,---,---,---,---,---,---,10.0030505,10.0004860
1,357.1,0.0,00:02:17.1,00:03:09.4,2.64,00:00:00.0,0.00,21.5,48,7.2,0.0,---,---,---,---,---,---,---,---,---,---,10.0031146,10.0004911
1,364.3,0.0,00:02:19.9,00:03:05.2,2.70,00:00:00.0,0.00,21.5,49,7.2,0.0,---,---,---,---,---,---,---,---,---,---,10.0031788,10.0004948
1,372.0,0.0,00:02:22.9,00:03:05.9,2.69,00:00:00.0,0.00,21.5,50,7.7,0.0,---,---,---,---,---,---,---,---,---,---,10.0032476,10.0004983
1,379.8,0.0,00:02:25.9,00:03:08.7,2.65,00:00:00.0,0.00,21.5,51,7.9,0.0,---,---,---,---,---,---,---,---,---,---,10.0033181,10.0005028
1,387.1,0.0,00:02:28.4,00:03:13.1,2.59,00:00:00.0,0.00,21.5,52,7.3,0.0,---,---,---,---,---,---,---,---,---,---,10.0033838,10.0005063
1,394.3,0.0,00:02:31.1,00:03:17.6,2.53,00:00:00.0,0.00,21.0,53,7.2,0.0,---,---,---,---,---,---,---,---,---,---,10.0034479,10.0005096
1,401.9,0.0,00:02:34.1,00:03:21.6,2.48,00:00:00.0,0.00,20.0,54,7.6,0.0,---,---,---,---,---,---,---,---,---,---,10.0035161,10.0005130
1,409.5,0.0,00:02:37.1,00:03:23.3,2.46,00:00:00.0,0.00,21.0,55,7.6,0.0,---,---,---,---,---,---,---,---,---,---,10.0035841,10.0005169
1,416.6,0.0,00:02:39.9,00:03:23.3,2.46,00:00:00.0,0.00,21.0,56,7.2,0.0,---,---,---,---,---,---,---,---,---,---,10.0036484,10.0005213
1,423.8,0.0,00:02:42.7,00:03:24.9,2.44,00:00:00.0,0.00,20.5,57,7.1,0.0,---,---,---,---,---,---,---,---,---,---,10.0037122,10.0005261
1,431.4,0.0,00:02:45.7,00:03:24.9,2.44,00:00:00.0,0.00,21.5,58,7.7,0.0,---,---,---,---,---,---,---,---,---,---,10.0037809,10.0005314
1,438.5,0.0,00:02:48.5,00:03:21.6,2.48,00:00:00.0,0.00,20.0,59,7.1,0.0,---,---,---,---,---,---,---,---,---,---,10.0038446,10.0005346
1,446.2,0.0,00:02:51.6,00:03:19.2,2.51,00:00:00.0,0.00,20.5,60,7.6,0.0,---,---,---,---,---,---,---,---,---,---,10.0039130,10.0005383
1,453.9,0.0,00:02:54.5,00:03:17.6,2.53,00:00:00.0,0.00,20.5,61,7.7,0.0,---,---,---,---,---,---,---,---,---,---,10.0039823,10.0005423
1,461.2,0.0,00:02:57.4,00:03:16.1,2.55,00:00:00.0,0.00,20.0,62,7.3,0.0,---,---,---,---,---,---,---,---,---,---,10.0040477,10.0005458
1,468.9,0.0,00:03:00.4,00:03:16.9,2.54,00:00:00.0,0.00,20.0,63,7.7,0.0,---,---,---,---,---,---,---,---,---,---,10.0041167,10.0005497
1,476.7,0.0,00:03:03.4,00:03:16.9,2.54,00:00:00.0,0.00,20.0,64,7.8,0.0,---,---,---,---,---,---,---,---,---,---,10.0041865,10.0005554
1,484.6,0.0,00:03:06.4,00:03:13.8,2.58,00:00:00.0,0.00,21.0,65,7.9,0.0,---,---,---,---,---,---,---,---,---,---,10.0042573,10.0005623
1,492.0,0.0,00:03:09.1,00:03:13.8,2.58,00:00:00.0,0.00,20.0,66,7.5,0.0,---,---,---,---,---,---,---,---,---,---,10.0043241,10.0005676
1,499.8,0.0,00:03:12.1,00:03:14.6,2.57,00:00:00.0,0.00,20.0,67,7.8,0.0,---,---,---,---,---,---,---,---,---,---,10.0043941,10.0005726
1,507.3,0.0,00:03:14.9,00:03:13.8,2.58,00:00:00.0,0.00,21.0,68,7.4,0.0,---,---,---,---,---,---,---,---,---,---,10.0044612,10.0005771
1,515.0,0.0,00:03:17.9,00:03:14.6,2.57,00:00:00.0,0.00,21.0,69,7.7,0.0,---,---,---,---,---,---,---,---,---,---,10.0045300,10.0005812
1,522.4,0.0,00:03:20.7,00:03:16.9,2.54,00:00:00.0,0.00,20.0,70,7.4,0.0,---,---,---,---,---,---,---,---,---,---,10.0045963,10.0005849
1,530.3,0.0,00:03:23.8,00:03:15.3,2.56,00:00:00.0,0.00,20.5,71,7.9,0.0,---,---,---,---,---,---,---,---,---,---,10.0046674,10.0005886
1,538.2,0.0,00:03:26.7,00:03:13.8,2.58,00:00:00.0,0.00,20.5,72,7.8,0.0,---,---,---,---,---,---,---,---,---,---,10.0047379,10.0005914
1,545.5,0.0,00:03:29.5,00:03:14.6,2.57,00:00:00.0,0.00,21.0,73,7.4,0.0,---,---,---,---,---,---,---,---,---,---,10.0048040,10.0005935
1,553.3,0.0,00:03:32.5,00:03:13.8,2.58,00:00:00.0,0.00,20.0,74,7.8,0.0,---,---,---,---,---,---,---,---,---,---,10.0048741,10.0005941
1,560.9,0.0,00:03:35.4,00:03:11.6,2.61,00:00:00.0,0.00,22.0,75,7.5,0.0,---,---,---,---,---,---,---,---,---,---,10.0049418,10.0005968
1,568.3,0.0,00:03:38.2,00:03:09.4,2.64,00:00:00.0,0.00,21.0,76,7.5,0.0,---,---,---,---,---,---,---,---,---,---,10.0050087,10.0005985
1,574.8,0.0,00:03:40.9,00:03:09.4,2.64,00:00:00.0,0.00,21.5,77,6.5,0.0,---,---,---,---,---,---,---,---,---,---,10.0050668,10.0006002
1,582.6,0.0,00:03:43.9,00:03:09.4,2.64,00:00:00.0,0.00,20.0,78,7.8,0.0,---,---,---,---,---,---,---,---,---,---,10.0051368,10.0006016
1,590.4,0.0,00:03:46.9,00:03:08.7,2.65,00:00:00.0,0.00,21.0,79,7.8,0.0,---,---,---,---,---,---,---,---,---,---,10.0052072,10.0006019
1,598.1,0.0,00:03:49.9,00:03:10.1,2.63,00:00:00.0,0.00,21.0,80,7.6,0.0,---,---,---,---,---,---,---,---,---,---,10.0052758,10.0006035
1,605.8,0.0,00:03:52.9,00:03:12.3,2.60,00:00:00.0,0.00,21.0,81,7.8,0.0,---,---,---,---,---,---,---,---,---,---,10.0053454,10.0006054
1,613.0,0.0,00:03:55.4,00:03:16.1,2.55,00:00:00.0,0.00,22.0,82,7.1,0.0,---,---,---,---,---,---,---,---,---,---,10.0054095,10.0006068
1,620.2,0.0,00:03:58.1,00:03:21.6,2.48,00:00:00.0,0.00,21.5,83,7.2,0.0,---,---,---,---,---,---,---,---,---,---,10.0054743,10.0006072
1,626.9,0.0,00:04:00.7,00:03:21.6,2.48,00:00:00.0,0.00,22.0,84,6.8,0.0,---,---,---,---,---,---,---,---,---,---,10.0055350,10.0006071
1,634.0,0.0,00:04:03.5,00:03:21.6,2.48,00:00:00.0,0.00,22.0,85,7.0,0.0,---,---,---,---,---,---,---,---,---,---,10.0055981,10.0006068
1,641.2,0.0,00:04:06.4,00:03:20.8,2.49,00:00:00.0,0.00,21.0,86,7.2,0.0,---,---,---,---,---,---,---,---,---,---,10.0056629,10.0006067
1,648.9,0.0,00:04:09.4,00:03:16.9,2.54,00:00:00.0,0.00,21.0,87,7.8,0.0,---,---,---,---,---,---,---,---,---,---,10.0057325,10.0006063
1,656.2,0.0,00:04:12.1,00:03:16.9,2.54,00:00:00.0,0.00,20.0,88,7.2,0.0,---,---,---,---,---,---,---,---,---,---,10.0057975,10.0006066
1,663.8,0.0,00:04:15.1,00:03:18.4,2.52,00:00:00.0,0.00,21.0,89,7.7,0.0,---,---,---,---,---,---,---,---,---,---,10.0058664,10.0006067
1,671.5,0.0,00:04:18.1,00:03:17.6,2.53,00:00:00.0,0.00,20.0,90,7.7,0.0,---,---,---,---,---,---,---,---,---,---,10.0059352,10.0006068
1,678.7,0.0,00:04:20.9,00:03:19.2,2.51,00:00:00.0,0.00,21.0,91,7.2,0.0,---,---,---,---,---,---,---,---,---,---,10.0059996,10.0006051
1,686.2,0.0,00:04:23.9,00:03:21.6,2.48,00:00:00.0,0.00,20.0,92,7.5,0.0,---,---,---,---,---,---,---,---,---,---,10.0060669,10.0006026
1,693.1,0.0,00:04:26.7,00:03:25.8,2.43,00:00:00.0,0.00,22.0,93,7.0,0.0,---,---,---,---,---,---,---,---,---,---,10.0061292,10.0005986
1,700.2,0.0,00:04:29.6,00:03:25.8,2.43,00:00:00.0,0.00,20.0,94,7.1,0.0,---,---,---,---,---,---,---,---,---,---,10.0061931,10.0005950
1,707.1,0.0,00:04:32.4,00:03:23.3,2.46,00:00:00.0,0.00,22.0,95,7.0,0.0,---,---,---,---,---,---,---,---,---,---,10.0062551,10.0005905
1,714.3,0.0,00:04:35.2,00:03:20.8,2.49,00:00:00.0,0.00,21.0,96,7.2,0.0,---,---,---,---,---,---,---,---,---,---,10.0063194,10.0005856
1,721.4,0.0,00:04:38.1,00:03:17.6,2.53,00:00:00.0,0.00,20.0,97,7.1,0.0,---,---,---,---,---,---,---,---,---,---,10.0063828,10.0005806
1,728.9,0.0,00:04:41.1,00:03:16.1,2.55,00:00:00.0,0.00,20.0,98,7.5,0.0,---,---,---,---,---,---,---,---,---,---,10.0064504,10.0005759
1,736.2,0.0,00:04:44.0,00:03:13.8,2.58,00:00:00.0,0.00,20.0,99,7.3,0.0,---,---,---,---,---,---,---,---,---,---,10.0065157,10.0005726
1,743.2,0.0,00:04:46.9,00:03:13.8,2.58,00:00:00.0,0.00,21.5,100,7.0,0.0,---,---,---,---,---,---,---,---,---,---,10.0065783,10.0005684
1,750.6,0.0,00:04:49.9,00:03:16.1,2.55,00:00:00.0,0.00,21.5,101,7.4,0.0,---,---,---,---,---,---,---,---,---,---,10.0066446,10.0005643
1,758.0,0.0,00:04:52.9,00:03:18.4,2.52,00:00:00.0,0.00,21.0,102,7.4,0.0,---,---,---,---,---,---,---,---,---,---,10.0067105,10.0005594
1,764.9,0.0,00:04:55.4,00:03:22.4,2.47,00:00:00.0,0.00,21.5,103,6.9,0.0,---,---,---,---,---,---,---,---,---,---,10.0067725,10.0005553
1,772.1,0.0,00:04:58.4,00:03:26.6,2.42,00:00:00.0,0.00,21.0,104,7.3,0.0,---,---,---,---,---,---,---,---,---,---,10.0068376,10.0005512
1,779.2,0.0,00:05:01.1,00:03:26.6,2.42,00:00:00.0,0.00,20.0,105,7.1,0.0,---,---,---,---,---,---,---,---,---,---,10.0069008,10.0005473
1,786.8,0.0,00:05:04.1,00:03:23.3,2.46,00:00:00.0,0.00,21.0,106,7.6,0.0,---,---,---,---,---,---,---,---,---,---,10.0069689,10.0005442
1,794.6,0.0,00:05:07.1,00:03:20.0,2.50,00:00:00.0,0.00,20.0,107,7.9,0.0,---,---,---,---,---,---,---,---,---,---,10.0070395,10.0005412
1,801.9,0.0,00:05:09.9,00:03:19.2,2.51,00:00:00.0,0.00,21.5,108,7.3,0.0,---,---,---,---,---,---,---,---,---,---,10.0071047,10.0005381
1,809.1,0.0,00:05:12.7,00:03:20.8,2.49,00:00:00.0,0.00,21.0,109,7.2,0.0,---,---,---,---,---,---,---,---,---,---,10.0071692,10.0005335
1,816.5,0.0,00:05:15.5,00:03:18.4,2.52,00:00:00.0,0.00,22.0,110,7.4,0.0,---,---,---,---,---,---,---,---,---,---,10.0072352,10.0005295
1,823.6,0.0,00:05:18.4,00:03:15.3,2.56,00:00:00.0,0.00,22.0,111,7.2,0.0,---,---,---,---,---,---,---,---,---,---,10.0072995,10.0005249
1,830.7,0.0,00:05:21.2,00:03:18.4,2.52,00:00:00.0,0.00,21.0,112,7.0,0.0,---,---,---,---,---,---,---,---,---,---,10.0073624,10.0005186
1,837.5,0.0,00:05:23.9,00:03:24.1,2.45,00:00:00.0,0.00,21.0,113,6.9,0.0,---,---,---,---,---,---,---,---,---,---,10.0074237,10.0005117
1,844.3,0.0,00:05:26.7,00:03:28.3,2.40,00:00:00.0,0.00,21.0,114,6.8,0.0,---,---,---,---,---,---,---,---,---,---,10.0074842,10.0005029
1,850.7,0.0,00:05:29.4,00:03:30.1,2.38,00:00:00.0,0.00,23.5,115,6.3,0.0,---,---,---,---,---,---,---,---,---,---,10.0075402,10.0004929
1,856.8,0.0,00:05:32.0,00:03:25.8,2.43,00:00:00.0,0.00,22.5,116,6.2,0.0,---,---,---,---,---,---,---,---,---,---,10.0075936,10.0004783
1,863.7,0.0,00:05:34.9,00:03:18.4,2.52,00:00:00.0,0.00,22.5,117,6.8,0.0,---,---,---,---,---,---,---,---,---,---,10.0076504,10.0004545
1,871.1,0.0,00:05:37.9,00:03:16.1,2.55,00:00:00.0,0.00,21.5,118,7.5,0.0,---,---,---,---,---,---,---,---,---,---,10.0077093,10.0004217
1,878.3,0.0,00:05:40.4,00:03:18.4,2.52,00:00:00.0,0.00,21.0,119,7.2,0.0,---,---,---,---,---,---,---,---,---,---,10.0077630,10.0003854
1,885.5,0.0,00:05:43.1,00:03:20.0,2.50,00:00:00.0,0.00,21.5,120,7.2,0.0,---,---,---,---,---,---,---,---,---,---,10.0078154,10.0003468
1,892.5,0.0,00:05:45.9,00:03:21.6,2.48,00:00:00.0,0.00,22.0,121,7.0,0.0,---,---,---,---,---,---,---,---,---,---,10.0078654,10.0003079
1,899.5,0.0,00:05:48.7,00:03:24.9,2.44,00:00:00.0,0.00,21.5,122,7.0,0.0,---,---,---,---,---,---,---,---,---,---,10.0079135,10.0002674
1,907.9,0.0,00:05:52.4,00:03:28.3,2.40,00:00:00.0,0.00,17.0,123,8.4,0.0,---,---,---,---,---,---,---,---,---,---,10.0079709,10.0002175
1,913.3,0.0,00:05:54.7,00:03:40.3,2.27,00:00:00.0,0.00,22.5,124,5.4,0.0,---,---,---,---,---,---,---,---,---,---,10.0080072,10.0001845
1,919.5,0.0,00:05:57.5,00:03:50.4,2.17,00:00:00.0,0.00,21.5,125,6.2,0.0,---,---,---,---,---,---,---,---,---,---,10.0080469,10.0001453
1,926.0,0.0,00:06:00.5,00:03:48.3,2.19,00:00:00.0,0.00,21.5,126,6.5,0.0,---,---,---,---,---,---,---,---,---,---,10.0080873,10.0001020
1,932.0,0.0,00:06:03.1,00:03:46.2,2.21,00:00:00.0,0.00,21.5,127,6.0,0.0,---,---,---,---,---,---,---,---,---,---,10.0081227,10.0000611
1,938.8,0.0,00:06:06.1,00:03:43.2,2.24,00:00:00.0,0.00,21.5,128,6.8,0.0,---,---,---,---,---,---,---,---,---,---,10.0081625,10.0000137
1,945.5,0.0,00:06:08.9,00:03:37.4,2.30,00:00:00.0,0.00,21.0,129,6.7,0.0,---,---,---,---,---,---,---,---,---,---,10.0082017,9.9999676
1,952.3,0.0,00:06:11.7,00:03:31.0,2.37,00:00:00.0,0.00,21.0,130,6.8,0.0,---,---,---,---,---,---,---,---,---,---,10.0082416,9.9999204
1,959.3,0.0,00:06:14.5,00:03:25.8,2.43,00:00:00.0,0.00,22.0,131,6.9,0.0,---,---,---,---,---,---,---,---,---,---,10.0082836,9.9998736
1,966.3,0.0,00:06:17.4,00:03:21.6,2.48,00:00:00.0,0.00,21.0,132,7.1,0.0,---,---,---,---,---,---,---,---,---,---,10.0083282,9.9998274
1,973.0,0.0,00:06:20.1,00:03:19.2,2.51,00:00:00.0,0.00,22.0,133,6.6,0.0,---,---,---,---,---,---,---,---,---,---,10.0083700,9.9997845
1,979.5,0.0,00:06:22.9,00:03:18.4,2.52,00:00:00.0,0.00,21.5,134,6.5,0.0,---,---,---,---,---,---,---,---,---,---,10.0084120,9.9997428
1,986.8,0.0,00:06:25.9,00:03:17.6,2.53,00:00:00.0,0.00,21.5,135,7.3,0.0,---,---,---,---,---,---,---,---,---,---,10.0084586,9.9996966
1,993.8,0.0,00:06:28.4,00:03:19.2,2.51,00:00:00.0,0.00,22.0,136,7.1,0.0,---,---,---,---,---,---,---,---,---,---,10.0085052,9.9996529
1,1000.8,0.0,00:06:31.1,00:03:22.4,2.47,00:00:00.0,0.00,22.0,137,6.9,0.0,---,---,---,---,---,---,---,---,---,---,10.0085511,9.9996097
1,1007.7,0.0,00:06:33.9,00:03:24.1,2.45,00:00:00.0,0.00,22.0,138,6.9,0.0,---,---,---,---,---,---,---,---,---,---,10.0085975,9.9995673
1,1014.6,0.0,00:06:36.7,00:03:26.6,2.42,00:00:00.0,0.00,21.5,139,6.9,0.0,---,---,---,---,---,---,---,---,---,---,10.0086438,9.9995260
1,1021.5,0.0,00:06:39.6,00:03:25.8,2.43,00:00:00.0,0.00,21.5,140,6.9,0.0,---,---,---,---,---,---,---,---,---,---,10.0086900,9.9994835
1,1028.1,0.0,00:06:42.1,00:03:23.3,2.46,00:00:00.0,0.00,22.0,141,6.6,0.0,---,---,---,---,---,---,---,---,---,---,10.0087347,9.9994437
1,1035.2,0.0,00:06:44.9,00:03:20.8,2.49,00:00:00.0,0.00,22.5,142,7.0,0.0,---,---,---,---,---,---,---,---,---,---,10.0087827,9.9994023
1,1041.7,0.0,00:06:47.5,00:03:20.8,2.49,00:00:00.0,0.00,22.5,143,6.6,0.0,---,---,---,---,---,---,---,---,---,---,10.0088270,9.9993626
1,1048.3,0.0,00:06:50.2,00:03:20.8,2.49,00:00:00.0,0.00,22.0,144,6.6,0.0,---,---,---,---,---,---,---,---,---,---,10.0088714,9.9993228
1,1055.2,0.0,00:06:53.0,00:03:14.6,2.57,00:00:00.0,0.00,21.5,145,6.9,0.0,---,---,---,---,---,---,---,---,---,---,10.0089173,9.9992810
1,1062.4,0.0,00:06:55.9,00:03:10.8,2.62,00:00:00.0,0.00,21.5,146,7.2,0.0,---,---,---,---,---,---,---,---,---,---,10.0089647,9.9992361
1,1070.0,0.0,00:06:58.9,00:03:10.8,2.62,00:00:00.0,0.00,21.5,147,7.6,0.0,---,---,---,---,---,---,---,---,---,---,10.0090147,9.9991887
1,1077.2,0.0,00:07:01.4,00:03:13.8,2.58,00:00:00.0,0.00,22.0,148,7.1,0.0,---,---,---,---,---,---,---,---,---,---,10.0090616,9.9991442
1,1084.2,0.0,00:07:04.1,00:03:19.2,2.51,00:00:00.0,0.00,21.5,149,7.1,0.0,---,---,---,---,---,---,---,---,---,---,10.0091090,9.9991014
1,1091.8,0.0,00:07:07.1,00:03:21.6,2.48,00:00:00.0,0.00,21.0,150,7.6,0.0,---,---,---,---,---,---,---,---,---,---,10.0091598,9.9990548
1,1098.6,0.0,00:07:09.7,00:03:20.8,2.49,00:00:00.0,0.00,21.5,151,6.8,0.0,---,---,---,---,---,---,---,---,---,---,10.0092042,9.9990123
1,1105.7,0.0,00:07:12.5,00:03:21.6,2.48,00:00:00.0,0.00,21.5,152,7.0,0.0,---,---,---,---,---,---,---,---,---,---,10.0092508,9.9989687
1,1112.7,0.0,00:07:15.4,00:03:21.6,2.48,00:00:00.0,0.00,21.5,153,7.0,0.0,---,---,---,---,---,---,---,---,---,---,10.0092972,9.9989253
1,1119.2,0.0,00:07:18.0,00:03:21.6,2.48,00:00:00.0,0.00,22.5,154,6.5,0.0,---,---,---,---,---,---,---,---,---,---,10.0093404,9.9988851
1,1126.3,0.0,00:07:20.7,00:03:21.6,2.48,00:00:00.0,0.00,21.5,155,7.1,0.0,---,---,---,---,---,---,---,---,---,---,10.0093879,9.9988419
1,1133.5,0.0,00:07:23.5,00:03:18.4,2.52,00:00:00.0,0.00,22.5,156,7.2,0.0,---,---,---,---,---,---,---,---,---,---,10.0094359,9.9987985
1,1139.9,0.0,00:07:26.1,00:03:13.8,2.58,00:00:00.0,0.00,22.0,157,6.4,0.0,---,---,---,---,---,---,---,---,---,---,10.0094789,9.9987595
1,1146.9,0.0,00:07:28.9,00:03:09.4,2.64,00:00:00.0,0.00,22.0,158,7.0,0.0,---,---,---,---,---,---,---,---,---,---,10.0095258,9.9987173
1,1154.5,0.0,00:07:31.9,00:03:07.3,2.67,00:00:00.0,0.00,23.5,159,7.7,0.0,---,---,---,---,---,---,---,---,---,---,10.0095768,9.9986705
1,1161.4,0.0,00:07:34.1,00:03:10.8,2.62,00:00:00.0,0.00,22.5,160,6.9,0.0,---,---,---,---,---,---,---,---,---,---,10.0096216,9.9986276
1,1168.2,0.0,00:07:36.7,00:03:15.3,2.56,00:00:00.0,0.00,22.5,161,6.8,0.0,---,---,---,---,---,---,---,---,---,---,10.0096643,9.9985838
1,1175.4,0.0,00:07:39.5,00:03:15.3,2.56,00:00:00.0,0.00,22.0,162,7.3,0.0,---,---,---,---,---,---,---,---,---,---,10.0097100,9.9985367
1,1182.3,0.0,00:07:42.1,00:03:13.8,2.58,00:00:00.0,0.00,21.5,163,6.9,0.0,---,---,---,---,---,---,---,---,---,---,10.0097542,9.9984930
1,1189.6,0.0,00:07:44.9,00:03:14.6,2.57,00:00:00.0,0.00,22.0,164,7.3,0.0,---,---,---,---,---,---,---,---,---,---,10.0098015,9.9984468
1,1196.9,0.0,00:07:47.7,00:03:15.3,2.56,00:00:00.0,0.00,22.0,165,7.3,0.0,---,---,---,---,---,---,---,---,---,---,10.0098483,9.9984004
1,1203.6,0.0,00:07:50.4,00:03:15.3,2.56,00:00:00.0,0.00,22.0,166,6.7,0.0,---,---,---,---,---,---,---,---,---,---,10.0098911,9.9983570
1,1210.4,0.0,00:07:53.1,00:03:13.8,2.58,00:00:00.0,0.00,22.0,167,6.8,0.0,---,---,---,---,---,---,---,---,---,---,10.0099332,9.9983124
1,1217.2,0.0,00:07:55.9,00:03:10.8,2.62,00:00:00.0,0.00,22.0,168,6.9,0.0,---,---,---,---,---,---,---,---,---,---,10.0099756,9.9982668
1,1225.0,0.0,00:07:58.9,00:03:07.3,2.67,00:00:00.0,0.00,22.5,169,7.7,0.0,---,---,---,---,---,---,---,---,---,---,10.0100233,9.9982156
1,1231.8,0.0,00:08:01.1,00:03:09.4,2.64,00:00:00.0,0.00,22.5,170,6.9,0.0,---,---,---,---,---,---,---,---,---,---,10.0100661,9.9981709
1,1238.9,0.0,00:08:04.0,00:03:15.3,2.56,00:00:00.0,0.00,22.0,171,7.2,0.0,---,---,---,---,---,---,---,---,---,---,10.0101105,9.9981238
1,1245.8,0.0,00:08:06.5,00:03:17.6,2.53,00:00:00.0,0.00,22.5,172,6.9,0.0,---,---,---,---,---,---,---,---,---,---,10.0101539,9.9980789
1,1253.2,0.0,00:08:09.4,00:03:14.6,2.57,00:00:00.0,0.00,22.0,173,7.3,0.0,---,---,---,---,---,---,---,---,---,---,10.0101999,9.9980312
1,1260.5,0.0,00:08:12.1,00:03:10.8,2.62,00:00:00.0,0.00,22.0,174,7.4,0.0,---,---,---,---,---,---,---,---,---,---,10.0102466,9.9979837
1,1267.4,0.0,00:08:14.7,00:03:13.1,2.59,00:00:00.0,0.00,21.5,175,6.9,0.0,---,---,---,---,---,---,---,---,---,---,10.0102910,9.9979399
1,1274.3,0.0,00:08:17.4,00:03:12.3,2.60,00:00:00.0,0.00,22.5,176,6.9,0.0,---,---,---,---,---,---,---,---,---,---,10.0103356,9.9978960
1,1281.7,0.0,00:08:20.2,00:03:08.7,2.65,00:00:00.0,0.00,22.0,177,7.4,0.0,---,---,---,---,---,---,---,---,---,---,10.0103829,9.9978484
1,1288.3,0.0,00:08:22.9,00:03:05.9,2.69,00:00:00.0,0.00,21.5,178,6.6,0.0,---,---,---,---,---,---,---,---,---,---,10.0104240,9.9978055
1,1296.2,0.0,00:08:25.9,00:03:04.5,2.71,00:00:00.0,0.00,22.5,179,7.9,0.0,---,---,---,---,---,---,---,---,---,---,10.0104723,9.9977532
1,1303.7,0.0,00:08:28.4,00:03:05.9,2.69,00:00:00.0,0.00,21.0,180,7.5,0.0,---,---,---,---,---,---,---,---,---,---,10.0105174,9.9977026
1,1311.1,0.0,00:08:31.1,00:03:08.7,2.65,00:00:00.0,0.00,22.5,181,7.5,0.0,---,---,---,---,---,---,---,---,---,---,10.0105613,9.9976516
1,1318.0,0.0,00:08:33.7,00:03:11.6,2.61,00:00:00.0,0.00,22.5,182,7.0,0.0,---,---,---,---,---,---,---,---,---,---,10.0106017,9.9976032
1,1325.3,0.0,00:08:36.5,00:03:12.3,2.60,00:00:00.0,0.00,22.0,183,7.3,0.0,---,---,---,---,---,---,---,---,---,---,10.0106431,9.9975517
1,1332.8,0.0,00:08:39.4,00:03:10.8,2.62,00:00:00.0,0.00,21.5,184,7.5,0.0,---,---,---,---,---,---,---,---,---,---,10.0106863,9.9974996
1,1340.0,0.0,00:08:42.1,00:03:12.3,2.60,00:00:00.0,0.00,21.5,185,7.3,0.0,---,---,---,---,---,---,---,---,---,---,10.0107290,9.9974497
1,1347.4,0.0,00:08:44.9,00:03:14.6,2.57,00:00:00.0,0.00,21.0,186,7.3,0.0,---,---,---,---,---,---,---,---,---,---,10.0107714,9.9973985
1,1354.8,0.0,00:08:47.7,00:03:13.8,2.58,00:00:00.0,0.00,21.5,187,7.4,0.0,---,---,---,---,---,---,---,---,---,---,10.0108127,9.9973455
1,1362.1,0.0,00:08:50.5,00:03:13.1,2.59,00:00:00.0,0.00,21.0,188,7.4,0.0,---,---,---,---,---,---,---,---,---,---,10.0108530,9.9972921
1,1369.5,0.0,00:08:53.4,00:03:11.6,2.61,00:00:00.0,0.00,21.5,189,7.3,0.0,---,---,---,---,---,---,---,---,---,---,10.0108931,9.9972390
1,1376.8,0.0,00:08:56.2,00:03:10.8,2.62,00:00:00.0,0.00,21.5,190,7.3,0.0,---,---,---,---,---,---,---,---,---,---,10.0109335,9.9971868
1,1383.7,0.0,00:08:59.0,00:03:09.4,2.64,00:00:00.0,0.00,21.0,191,6.9,0.0,---,---,---,---,---,---,---,---,---,---,10.0109721,9.9971373
1,1390.9,0.0,00:09:01.9,00:03:08.0,2.66,00:00:00.0,0.00,21.5,192,7.3,0.0,---,---,---,---,---,---,---,---,---,---,10.0110116,9.9970847
1,1398.6,0.0,00:09:04.9,00:03:08.0,2.66,00:00:00.0,0.00,21.5,193,7.7,0.0,---,---,---,---,---,---,---,---,---,---,10.0110522,9.9970281
1,1406.5,0.0,00:09:07.9,00:03:06.6,2.68,00:00:00.0,0.00,21.5,194,7.9,0.0,---,---,---,---,---,---,---,---,---,---,10.0110939,9.9969701
1,1414.0,0.0,00:09:10.4,00:03:08.0,2.66,00:00:00.0,0.00,21.5,195,7.5,0.0,---,---,---,---,---,---,---,---,---,---,10.0111331,9.9969140
1,1421.6,0.0,00:09:13.1,00:03:09.4,2.64,00:00:00.0,0.00,21.5,196,7.5,0.0,---,---,---,---,---,---,---,---,---,---,10.0111715,9.9968576
1,1428.5,0.0,00:09:15.8,00:03:11.6,2.61,00:00:00.0,0.00,22.0,197,7.0,0.0,---,---,---,---,---,---,---,---,---,---,10.0112064,9.9968046
1,1436.0,0.0,00:09:18.5,00:03:11.6,2.61,00:00:00.0,0.00,21.5,198,7.5,0.0,---,---,---,---,---,---,---,---,---,---,10.0112443,9.9967480
1,1443.6,0.0,00:09:21.4,00:03:07.3,2.67,00:00:00.0,0.00,22.0,199,7.6,0.0,---,---,---,---,---,---,---,---,---,---,10.0112835,9.9966912
1,1451.3,0.0,00:09:24.1,00:03:05.2,2.70,00:00:00.0,0.00,21.5,200,7.6,0.0,---,---,---,---,---,---,---,---,---,---,10.0113230,9.9966346
1,1458.9,0.0,00:09:26.9,00:03:05.2,2.70,00:00:00.0,0.00,21.5,201,7.7,0.0,---,---,---,---,---,---,---,---,---,---,10.0113630,9.9965776
1,1466.1,0.0,00:09:29.5,00:03:05.9,2.69,00:00:00.0,0.00,22.5,202,7.1,0.0,---,---,---,---,---,---,---,---,---,---,10.0113995,9.9965240
1,1473.7,0.0,00:09:32.4,00:03:04.5,2.71,00:00:00.0,0.00,22.0,203,7.6,0.0,---,---,---,---,---,---,---,---,---,---,10.0114394,9.9964671
1,1480.3,0.0,00:09:35.0,00:03:03.1,2.73,00:00:00.0,0.00,22.0,204,6.6,0.0,---,---,---,---,---,---,---,---,---,---,10.0114739,9.9964182
1,1487.8,0.0,00:09:37.9,00:03:01.8,2.75,00:00:00.0,0.00,22.5,205,7.4,0.0,---,---,---,---,---,---,---,---,---,---,10.0115136,9.9963637
1,1495.3,0.0,00:09:40.4,00:03:01.8,2.75,00:00:00.0,0.00,22.5,206,7.6,0.0,---,---,---,---,---,---,---,---,---,---,10.0115537,9.9963079
1,1502.4,0.0,00:09:42.9,00:03:05.2,2.70,00:00:00.0,0.00,22.0,207,7.1,0.0,---,---,---,---,---,---,---,---,---,---,10.0115922,9.9962568
1,1509.4,0.0,00:09:45.5,00:03:08.7,2.65,00:00:00.0,0.00,22.5,208,7.0,0.0,---,---,---,---,---,---,---,---,---,---,10.0116301,9.9962055
1,1516.9,0.0,00:09:48.4,00:03:08.0,2.66,00:00:00.0,0.00,22.5,209,7.4,0.0,---,---,---,---,---,---,---,---,---,---,10.0116693,9.9961505
1,1523.8,0.0,00:09:50.9,00:03:09.4,2.64,00:00:00.0,0.00,22.0,210,6.9,0.0,---,---,---,---,---,---,---,---,---,---,10.0117058,9.9960991
1,1531.1,0.0,00:09:53.8,00:03:11.6,2.61,00:00:00.0,0.00,23.5,211,7.3,0.0,---,---,---,---,---,---,---,---,---,---,10.0117439,9.9960445
1,1538.2,0.0,00:09:56.4,00:03:08.7,2.65,00:00:00.0,0.00,22.0,212,7.1,0.0,---,---,---,---,---,---,---,---,---,---,10.0117814,9.9959924
1,1544.9,0.0,00:09:59.0,00:03:04.5,2.71,00:00:00.0,0.00,22.0,213,6.7,0.0,---,---,---,---,---,---,---,---,---,---,10.0118174,9.9959436
1,1552.2,0.0,00:10:01.9,00:03:03.8,2.72,00:00:00.0,0.00,22.0,214,7.3,0.0,---,---,---,---,---,---,---,---,---,---,10.0118570,9.9958902
1,1559.5,0.0,00:10:04.4,00:03:05.2,2.70,00:00:00.0,0.00,22.0,215,7.3,0.0,---,---,---,---,---,---,---,---,---,---,10.0118971,9.9958380
1,1566.3,0.0,00:10:06.9,00:03:10.8,2.62,00:00:00.0,0.00,24.0,216,6.8,0.0,---,---,---,---,---,---,---,---,---,---,10.0119346,9.9957885
1,1573.8,0.0,00:10:09.7,00:03:13.1,2.59,00:00:00.0,0.00,21.5,217,7.5,0.0,---,---,---,---,---,---,---,---,---,---,10.0119758,9.9957349
1,1580.7,0.0,00:10:12.4,00:03:10.8,2.62,00:00:00.0,0.00,22.5,218,6.9,0.0,---,---,---,---,---,---,---,---,---,---,10.0120135,9.9956846
1,1588.1,0.0,00:10:15.1,00:03:10.1,2.63,00:00:00.0,0.00,22.5,219,7.4,0.0,---,---,---,---,---,---,---,---,---,---,10.0120528,9.9956305
1,1595.2,0.0,00:10:17.7,00:03:07.3,2.67,00:00:00.0,0.00,22.0,220,7.1,0.0,---,---,---,---,---,---,---,---,---,---,10.0120919,9.9955790
1,1602.3,0.0,00:10:20.4,00:03:05.2,2.70,00:00:00.0,0.00,22.5,221,7.0,0.0,---,---,---,---,---,---,---,---,---,---,10.0121311,9.9955281
1,1608.8,0.0,00:10:23.0,00:03:05.9,2.69,00:00:00.0,0.00,22.5,222,6.5,0.0,---,---,---,---,---,---,---,---,---,---,10.0121664,9.9954814
1,1616.1,0.0,00:10:25.9,00:03:05.9,2.69,00:00:00.0,0.00,22.5,223,7.3,0.0,---,---,---,---,---,---,---,---,---,---,10.0122066,9.9954282
1,1623.6,0.0,00:10:28.4,00:03:05.2,2.70,00:00:00.0,0.00,22.5,224,7.4,0.0,---,---,---,---,---,---,---,---,---,---,10.0122493,9.9953758
1,1630.4,0.0,00:10:30.9,00:03:08.7,2.65,00:00:00.0,0.00,22.0,225,6.9,0.0,---,---,---,---,---,---,---,---,---,---,10.0122901,9.9953285
1,1638.0,0.0,00:10:33.7,00:03:10.8,2.62,00:00:00.0,0.00,22.5,226,7.5,0.0,---,---,---,---,---,---,---,---,---,---,10.0123357,9.9952781
1,1645.1,0.0,00:10:36.4,00:03:07.3,2.67,00:00:00.0,0.00,22.5,227,7.1,0.0,---,---,---,---,---,---,---,---,---,---,10.0123805,9.9952320
1,1652.3,0.0,00:10:38.9,00:03:04.5,2.71,00:00:00.0,0.00,22.5,228,7.2,0.0,---,---,---,---,---,---,---,---,---,---,10.0124259,9.9951853
1,1659.4,0.0,00:10:41.5,00:03:04.5,2.71,00:00:00.0,0.00,23.5,229,7.1,0.0,---,---,---,---,---,---,---,---,---,---,10.0124703,9.9951383
1,1666.5,0.0,00:10:44.2,00:03:03.8,2.72,00:00:00.0,0.00,22.0,230,7.1,0.0,---,---,---,---,---,---,---,---,---,---,10.0125135,9.9950906
1,1673.2,0.0,00:10:46.9,00:03:00.5,2.77,00:00:00.0,0.00,22.0,231,6.8,0.0,---,---,---,---,---,---,---,---,---,---,10.0125550,9.9950457
1,1681.3,0.0,00:10:49.9,00:02:57.9,2.81,00:00:00.0,0.00,22.5,232,8.1,0.0,---,---,---,---,---,---,---,---,---,---,10.0126048,9.9949922
1,1688.6,0.0,00:10:52.1,00:02:57.9,2.81,00:00:00.0,0.00,22.5,233,7.3,0.0,---,---,---,---,---,---,---,---,---,---,10.0126501,9.9949439
1,1696.3,0.0,00:10:54.9,00:03:01.8,2.75,00:00:00.0,0.00,23.5,234,7.7,0.0,---,---,---,---,---,---,---,---,---,---,10.0126992,9.9948943
1,1703.6,0.0,00:10:57.5,00:03:04.5,2.71,00:00:00.0,0.00,23.5,235,7.2,0.0,---,---,---,---,---,---,---,---,---,---,10.0127457,9.9948481
1,1710.9,0.0,00:11:00.1,00:03:03.1,2.73,00:00:00.0,0.00,22.0,236,7.3,0.0,---,---,---,---,---,---,---,---,---,---,10.0127937,9.9948027
1,1718.0,0.0,00:11:02.7,00:03:04.5,2.71,00:00:00.0,0.00,22.5,237,7.1,0.0,---,---,---,---,---,---,---,---,---,---,10.0128402,9.9947585
1,1725.4,0.0,00:11:05.6,00:03:07.3,2.67,00:00:00.0,0.00,22.0,238,7.5,0.0,---,---,---,---,---,---,---,---,---,---,10.0128872,9.9947100
1,1732.2,0.0,00:11:08.1,00:03:05.2,2.70,00:00:00.0,0.00,22.5,239,6.7,0.0,---,---,---,---,---,---,---,---,---,---,10.0129283,9.9946649
1,1739.3,0.0,00:11:10.9,00:03:02.5,2.74,00:00:00.0,0.00,22.5,240,7.1,0.0,---,---,---,---,---,---,---,---,---,---,10.0129701,9.9946160
1,1747.2,0.0,00:11:13.9,00:03:00.5,2.77,00:00:00.0,0.00,22.0,241,7.9,0.0,---,---,---,---,---,---,---,---,---,---,10.0130153,9.9945603
1,1754.0,0.0,00:11:16.1,00:03:07.3,2.67,00:00:00.0,0.00,22.5,242,6.8,0.0,---,---,---,---,---,---,---,---,---,---,10.0130525,9.9945112
1,1760.8,0.0,00:11:18.8,00:03:16.1,2.55,00:00:00.0,0.00,22.5,243,6.8,0.0,---,---,---,---,---,---,---,---,---,---,10.0130883,9.9944605
1,1767.6,0.0,00:11:21.4,00:03:14.6,2.57,00:00:00.0,0.00,23.5,244,6.8,0.0,---,---,---,---,---,---,---,---,---,---,10.0131215,9.9944087
1,1774.5,0.0,00:11:23.9,00:03:11.6,2.61,00:00:00.0,0.00,22.5,245,6.9,0.0,---,---,---,---,---,---,---,---,---,---,10.0131529,9.9943541
1,1781.9,0.0,00:11:26.7,00:03:10.8,2.62,00:00:00.0,0.00,22.0,246,7.4,0.0,---,---,---,---,---,---,---,---,---,---,10.0131853,9.9942952
1,1788.8,0.0,00:11:29.4,00:03:08.7,2.65,00:00:00.0,0.00,22.5,247,6.9,0.0,---,---,---,---,---,---,---,---,---,---,10.0132155,9.9942398
1,1795.4,0.0,00:11:32.0,00:03:06.6,2.68,00:00:00.0,0.00,22.5,248,6.6,0.0,---,---,---,---,---,---,---,---,---,---,10.0132434,9.9941869
1,1802.9,0.0,00:11:34.9,00:03:03.8,2.72,00:00:00.0,0.00,22.0,249,7.5,0.0,---,---,---,---,---,---,---,---,---,---,10.0132750,9.9941267
1,1810.2,0.0,00:11:37.4,00:03:04.5,2.71,00:00:00.0,0.00,22.0,250,7.3,0.0,---,---,---,---,---,---,---,---,---,---,10.0133048,9.9940672
1,1817.6,0.0,00:11:40.1,00:03:10.1,2.63,00:00:00.0,0.00,22.0,251,7.4,0.0,---,---,---,---,---,---,---,---,---,---,10.0133342,9.9940069
1,1825.1,0.0,00:11:42.9,00:03:12.3,2.60,00:00:00.0,0.00,22.0,252,7.5,0.0,---,---,---,---,---,---,---,---,---,---,10.0133627,9.9939451
1,1832.1,0.0,00:11:45.5,00:03:12.3,2.60,00:00:00.0,0.00,22.5,253,7.0,0.0,---,---,---,---,---,---,---,---,---,---,10.0133897,9.9938877
1,1839.0,0.0,00:11:48.1,00:03:08.7,2.65,00:00:00.0,0.00,23.5,254,7.0,0.0,---,---,---,---,---,---,---,---,---,---,10.0134185,9.9938310
1,1846.0,0.0,00:11:50.8,00:03:08.0,2.66,00:00:00.0,0.00,22.5,255,7.0,0.0,---,---,---,---,---,---,---,---,---,---,10.0134478,9.9937748
1,1853.0,0.0,00:11:53.4,00:03:10.1,2.63,00:00:00.0,0.00,22.0,256,6.9,0.0,---,---,---,---,---,---,---,---,---,---,10.0134784,9.9937197
1,1859.9,0.0,00:11:56.1,00:03:10.1,2.63,00:00:00.0,0.00,22.5,257,6.9,0.0,---,---,---,---,---,---,---,---,---,---,10.0135101,9.9936656
1,1866.7,0.0,00:11:58.9,00:03:08.0,2.66,00:00:00.0,0.00,22.0,258,6.8,0.0,---,---,---,---,---,---,---,---,---,---,10.0135434,9.9936133
1,1874.3,0.0,00:12:01.9,00:03:07.3,2.67,00:00:00.0,0.00,22.5,259,7.6,0.0,---,---,---,---,---,---,---,---,---,---,10.0135820,9.9935562
1,1881.0,0.0,00:12:04.2,00:03:13.1,2.59,00:00:00.0,0.00,22.0,260,6.7,0.0,---,---,---,---,---,---,---,---,---,---,10.0136171,9.9935063
1,1888.3,0.0,00:12:06.9,00:03:17.6,2.53,00:00:00.0,0.00,22.0,261,7.3,0.0,---,---,---,---,---,---,---,---,---,---,10.0136561,9.9934530
1,1895.7,0.0,00:12:09.7,00:03:15.3,2.56,00:00:00.0,0.00,21.5,262,7.4,0.0,---,---,---,---,---,---,---,---,---,---,10.0136959,9.9933986
1,1902.8,0.0,00:12:12.4,00:03:10.8,2.62,00:00:00.0,0.00,22.0,263,7.0,0.0,---,---,---,---,---,---,---,---,---,---,10.0137335,9.9933467
1,1910.2,0.0,00:12:15.1,00:03:08.0,2.66,00:00:00.0,0.00,22.5,264,7.4,0.0,---,---,---,---,---,---,---,---,---,---,10.0137712,9.9932908
1,1917.2,0.0,00:12:17.8,00:03:08.7,2.65,00:00:00.0,0.00,22.0,265,7.0,0.0,---,---,---,---,---,---,---,---,---,---,10.0138058,9.9932377
1,1924.6,0.0,00:12:20.5,00:03:10.1,2.63,00:00:00.0,0.00,22.5,266,7.4,0.0,---,---,---,---,---,---,---,---,---,---,10.0138414,9.9931803
1,1931.6,0.0,00:12:23.2,00:03:08.7,2.65,00:00:00.0,0.00,21.5,267,7.0,0.0,---,---,---,---,---,---,---,---,---,---,10.0138737,9.9931260
1,1938.1,0.0,00:12:25.9,00:03:06.6,2.68,00:00:00.0,0.00,22.0,268,6.5,0.0,---,---,---,---,---,---,---,---,---,---,10.0139034,9.9930750
1,1946.0,0.0,00:12:28.9,00:03:01.8,2.75,00:00:00.0,0.00,22.0,269,7.9,0.0,---,---,---,---,---,---,---,---,---,---,10.0139409,9.9930135
1,1953.4,0.0,00:12:31.4,00:03:02.5,2.74,00:00:00.0,0.00,22.0,270,7.5,0.0,---,---,---,---,---,---,---,---,---,---,10.0139758,9.9929558
1,1961.0,0.0,00:12:34.1,00:03:06.6,2.68,00:00:00.0,0.00,22.0,271,7.6,0.0,---,---,---,---,---,---,---,---,---,---,10.0140122,9.9928974
1,1968.5,0.0,00:12:36.9,00:03:09.4,2.64,00:00:00.0,0.00,21.5,272,7.5,0.0,---,---,---,---,---,---,---,---,---,---,10.0140478,9.9928389
1,1975.5,0.0,00:12:39.5,00:03:12.3,2.60,00:00:00.0,0.00,22.0,273,7.0,0.0,---,---,---,---,---,---,---,---,---,---,10.0140813,9.9927850
1,1983.1,0.0,00:12:42.4,00:03:08.7,2.65,00:00:00.0,0.00,22.0,274,7.6,0.0,---,---,---,---,---,---,---,---,---,---,10.0141174,9.9927262
1,1990.8,0.0,00:12:45.1,00:03:04.5,2.71,00:00:00.0,0.00,22.0,275,7.7,0.0,---,---,---,---,---,---,---,---,---,---,10.0141537,9.9926667
1,1998.3,0.0,00:12:47.9,00:03:05.2,2.70,00:00:00.0,0.00,21.0,276,7.5,0.0,---,---,---,---,---,---,---,---,---,---,10.0141873,9.9926071
1,2005.9,0.0,00:12:50.7,00:03:06.6,2.68,00:00:00.0,0.00,21.5,277,7.6,0.0,---,---,---,---,---,---,---,---,---,---,10.0142207,9.9925464
1,2014.0,0.0,00:12:53.7,00:03:05.2,2.70,00:00:00.0,0.00,21.0,278,8.0,0.0,---,---,---,---,---,---,---,---,---,---,10.0142564,9.9924827
1,2021.0,0.0,00:12:56.4,00:03:06.6,2.68,00:00:00.0,0.00,22.0,279,7.0,0.0,---,---,---,---,---,---,---,---,---,---,10.0142864,9.9924268
1,2028.4,0.0,00:12:59.2,00:03:07.3,2.67,00:00:00.0,0.00,21.5,280,7.5,0.0,---,---,---,---,---,---,---,---,---,---,10.0143184,9.9923671
1,2035.4,0.0,00:13:02.0,00:03:05.9,2.69,00:00:00.0,0.00,21.0,281,7.0,0.0,---,---,---,---,---,---,---,---,---,---,10.0143471,9.9923099
1,2042.9,0.0,00:13:04.9,00:03:04.5,2.71,00:00:00.0,0.00,21.5,282,7.5,0.0,---,---,---,---,---,---,---,---,---,---,10.0143776,9.9922492
1,2050.8,0.0,00:13:07.9,00:03:01.8,2.75,00:00:00.0,0.00,21.0,283,7.9,0.0,---,---,---,---,---,---,---,---,---,---,10.0144092,9.9921845
1,2058.7,0.0,00:13:10.9,00:03:02.5,2.74,00:00:00.0,0.00,21.5,284,7.8,0.0,---,---,---,---,---,---,---,---,---,---,10.0144408,9.9921207
1,2066.1,0.0,00:13:13.4,00:03:08.0,2.66,00:00:00.0,0.00,21.5,285,7.5,0.0,---,---,---,---,---,---,---,---,---,---,10.0144697,9.9920594
1,2073.6,0.0,00:13:16.1,00:03:11.6,2.61,00:00:00.0,0.00,22.0,286,7.5,0.0,---,---,---,---,---,---,---,---,---,---,10.0144989,9.9919977
1,2081.0,0.0,00:13:18.9,00:03:13.8,2.58,00:00:00.0,0.00,21.0,287,7.4,0.0,---,---,---,---,---,---,---,---,---,---,10.0145270,9.9919367
1,2088.4,0.0,00:13:21.7,00:03:14.6,2.57,00:00:00.0,0.00,21.5,288,7.4,0.0,---,---,---,---,---,---,---,---,---,---,10.0145546,9.9918755
1,2095.8,0.0,00:13:24.5,00:03:11.6,2.61,00:00:00.0,0.00,21.5,289,7.4,0.0,---,---,---,---,---,---,---,---,---,---,10.0145819,9.9918139
1,2103.1,0.0,00:13:27.4,00:03:09.4,2.64,00:00:00.0,0.00,22.0,290,7.3,0.0,---,---,---,---,---,---,---,---,---,---,10.0146099,9.9917535
1,2110.5,0.0,00:13:30.1,00:03:10.1,2.63,00:00:00.0,0.00,21.0,291,7.4,0.0,---,---,---,---,---,---,---,---,---,---,10.0146390,9.9916928
1,2117.8,0.0,00:13:32.9,00:03:11.6,2.61,00:00:00.0,0.00,22.0,292,7.3,0.0,---,---,---,---,---,---,---,---,---,---,10.0146673,9.9916325
1,2124.6,0.0,00:13:35.5,00:03:13.1,2.59,00:00:00.0,0.00,22.0,293,6.8,0.0,---,---,---,---,---,---,---,---,---,---,10.0146926,9.9915764
1,2132.4,0.0,00:13:38.5,00:03:12.3,2.60,00:00:00.0,0.00,21.5,294,7.8,0.0,---,---,---,---,---,---,---,---,---,---,10.0147219,9.9915119
1,2139.9,0.0,00:13:41.4,00:03:09.4,2.64,00:00:00.0,0.00,20.5,295,7.5,0.0,---,---,---,---,---,---,---,---,---,---,10.0147501,9.9914496
1,2147.4,0.0,00:13:44.2,00:03:08.0,2.66,00:00:00.0,0.00,21.5,296,7.5,0.0,---,---,---,---,---,---,---,---,---,---,10.0147780,9.9913874
1,2154.9,0.0,00:13:47.1,00:03:06.6,2.68,00:00:00.0,0.00,20.5,297,7.6,0.0,---,---,---,---,---,---,---,---,---,---,10.0148069,9.9913252
1,2162.0,0.0,00:13:49.9,00:03:04.5,2.71,00:00:00.0,0.00,21.0,298,7.1,0.0,---,---,---,---,---,---,---,---,---,---,10.0148351,9.9912671
1,2170.1,0.0,00:13:52.9,00:03:02.5,2.74,00:00:00.0,0.00,21.0,299,8.0,0.0,---,---,---,---,---,---,---,---,---,---,10.0148666,9.9912013
1,2177.8,0.0,00:13:55.9,00:03:03.1,2.73,00:00:00.0,0.00,22.0,300,7.7,0.0,---,---,---,---,---,---,---,---,---,---,10.0148965,9.9911376
1,2185.1,0.0,00:13:58.4,00:03:10.1,2.63,00:00:00.0,0.00,21.0,301,7.3,0.0,---,---,---,---,---,---,---,---,---,---,10.0149251,9.9910779
1,2192.7,0.0,00:14:01.4,00:03:16.9,2.54,00:00:00.0,0.00,21.0,302,7.6,0.0,---,---,---,---,---,---,---,---,---,---,10.0149557,9.9910158
1,2200.4,0.0,00:14:04.4,00:03:18.4,2.52,00:00:00.0,0.00,20.0,303,7.7,0.0,---,---,---,---,---,---,---,---,---,---,10.0149873,9.9909531
1,2207.6,0.0,00:14:07.1,00:03:18.4,2.52,00:00:00.0,0.00,21.5,304,7.2,0.0,---,---,---,---,---,---,---,---,---,---,10.0150174,9.9908950
1,2214.8,0.0,00:14:09.9,00:03:19.2,2.51,00:00:00.0,0.00,21.0,305,7.2,0.0,---,---,---,---,---,---,---,---,---,---,10.0150480,9.9908372
1,2222.1,0.0,00:14:12.7,00:03:19.2,2.51,00:00:00.0,0.00,22.0,306,7.3,0.0,---,---,---,---,---,---,---,---,---,---,10.0150796,9.9907793
1,2229.4,0.0,00:14:15.5,00:03:14.6,2.57,00:00:00.0,0.00,21.0,307,7.3,0.0,---,---,---,---,---,---,---,---,---,---,10.0151112,9.9907205
1,2237.2,0.0,00:14:18.5,00:03:10.8,2.62,00:00:00.0,0.00,21.0,308,7.8,0.0,---,---,---,---,---,---,---,---,---,---,10.0151449,9.9906584
1,2244.6,0.0,00:14:21.4,00:03:09.4,2.64,00:00:00.0,0.00,21.0,309,7.4,0.0,---,---,---,---,---,---,---,---,---,---,10.0151771,9.9905989
1,2252.4,0.0,00:14:24.4,00:03:10.8,2.62,00:00:00.0,0.00,20.0,310,7.8,0.0,---,---,---,---,---,---,---,---,---,---,10.0152091,9.9905358
1,2259.7,0.0,00:14:27.2,00:03:13.8,2.58,00:00:00.0,0.00,20.0,311,7.3,0.0,---,---,---,---,---,---,---,---,---,---,10.0152400,9.9904773
1,2267.4,0.0,00:14:30.1,00:03:15.3,2.56,00:00:00.0,0.00,20.0,312,7.7,0.0,---,---,---,---,---,---,---,---,---,---,10.0152743,9.9904163
1,2275.0,0.0,00:14:33.1,00:03:16.1,2.55,00:00:00.0,0.00,21.5,313,7.7,0.0,---,---,---,---,---,---,---,---,---,---,10.0153094,9.9903564
1,2282.7,0.0,00:14:36.1,00:03:16.1,2.55,00:00:00.0,0.00,20.0,314,7.7,0.0,---,---,---,---,---,---,---,---,---,---,10.0153442,9.9902962
1,2289.9,0.0,00:14:38.9,00:03:16.1,2.55,00:00:00.0,0.00,21.0,315,7.2,0.0,---,---,---,---,---,---,---,---,---,---,10.0153775,9.9902400
1,2297.2,0.0,00:14:41.7,00:03:16.1,2.55,00:00:00.0,0.00,21.0,316,7.3,0.0,---,---,---,---,---,---,---,---,---,---,10.0154112,9.9901828
1,2304.8,0.0,00:14:44.7,00:03:16.1,2.55,00:00:00.0,0.00,21.5,317,7.6,0.0,---,---,---,---,---,---,---,---,---,---,10.0154471,9.9901237
1,2312.0,0.0,00:14:47.5,00:03:15.3,2.56,00:00:00.0,0.00,20.0,318,7.2,0.0,---,---,---,---,---,---,---,---,---,---,10.0154815,9.9900676
1,2319.3,0.0,00:14:50.4,00:03:14.6,2.57,00:00:00.0,0.00,21.0,319,7.3,0.0,---,---,---,---,---,---,---,---,---,---,10.0155158,9.9900114
1,2327.0,0.0,00:14:53.4,00:03:13.8,2.58,00:00:00.0,0.00,21.0,320,7.7,0.0,---,---,---,---,---,---,---,---,---,---,10.0155526,9.9899515
1,2333.8,0.0,00:14:56.1,00:03:13.1,2.59,00:00:00.0,0.00,21.5,321,6.8,0.0,---,---,---,---,---,---,---,---,---,---,10.0155845,9.9898983
1,2341.5,0.0,00:14:59.1,00:03:11.6,2.61,00:00:00.0,0.00,21.0,322,7.7,0.0,---,---,---,---,---,---,---,---,---,---,10.0156196,9.9898383
1,2348.7,0.0,00:15:02.0,00:03:10.8,2.62,00:00:00.0,0.00,20.0,323,7.2,0.0,---,---,---,---,---,---,---,---,---,---,10.0156511,9.9897811
1,2356.4,0.0,00:15:05.0,00:03:10.8,2.62,00:00:00.0,0.00,19.5,324,7.7,0.0,---,---,---,---,---,---,---,---,---,---,10.0156854,9.9897204
1,2363.4,0.0,00:15:07.9,00:03:12.3,2.60,00:00:00.0,0.00,21.0,325,7.1,0.0,---,---,---,---,---,---,---,---,---,---,10.0157165,9.9896642
1,2370.9,0.0,00:15:10.9,00:03:13.8,2.58,00:00:00.0,0.00,20.0,326,7.5,0.0,---,---,---,---,---,---,---,---,---,---,10.0157493,9.9896044
1,2378.4,0.0,00:15:13.9,00:03:13.8,2.58,00:00:00.0,0.00,20.0,327,7.5,0.0,---,---,---,---,---,---,---,---,---,---,10.0157829,9.9895453
1,2386.0,0.0,00:15:16.9,00:03:14.6,2.57,00:00:00.0,0.00,19.5,328,7.6,0.0,---,---,---,---,---,---,---,---,---,---,10.0158176,9.9894857
1,2393.6,0.0,00:15:19.9,00:03:13.8,2.58,00:00:00.0,0.00,19.5,329,7.6,0.0,---,---,---,---,---,---,---,---,---,---,10.0158530,9.9894269
1,2401.1,0.0,00:15:22.9,00:03:13.8,2.58,00:00:00.0,0.00,20.0,330,7.6,0.0,---,---,---,---,---,---,---,---,---,---,10.0158888,9.9893681
1,2408.8,0.0,00:15:25.9,00:03:12.3,2.60,00:00:00.0,0.00,20.0,331,7.7,0.0,---,---,---,---,---,---,---,---,---,---,10.0159257,9.9893087
1,2416.4,0.0,00:15:28.9,00:03:12.3,2.60,00:00:00.0,0.00,19.5,332,7.5,0.0,---,---,---,---,---,---,---,---,---,---,10.0159622,9.9892506
1,2423.9,0.0,00:15:31.9,00:03:13.1,2.59,00:00:00.0,0.00,21.0,333,7.6,0.0,---,---,---,---,---,---,---,---,---,---,10.0159990,9.9891929
1,2431.4,0.0,00:15:34.9,00:03:16.1,2.55,00:00:00.0,0.00,21.5,334,7.4,0.0,---,---,---,---,---,---,---,---,---,---,10.0160359,9.9891363
1,2438.2,0.0,00:15:37.4,00:03:21.6,2.48,00:00:00.0,0.00,21.0,335,6.9,0.0,---,---,---,---,---,---,---,---,---,---,10.0160708,9.9890846
1,2445.6,0.0,00:15:40.4,00:03:25.8,2.43,00:00:00.0,0.00,20.5,336,7.4,0.0,---,---,---,---,---,---,---,---,---,---,10.0161100,9.9890305
1,2453.1,0.0,00:15:43.4,00:03:25.8,2.43,00:00:00.0,0.00,20.5,337,7.5,0.0,---,---,---,---,---,---,---,---,---,---,10.0161501,9.9889760
1,2459.9,0.0,00:15:46.1,00:03:25.8,2.43,00:00:00.0,0.00,21.5,338,6.8,0.0,---,---,---,---,---,---,---,---,---,---,10.0161872,9.9889261
1,2466.9,0.0,00:15:48.9,00:03:27.5,2.41,00:00:00.0,0.00,21.5,339,7.0,0.0,---,---,---,---,---,---,---,---,---,---,10.0162255,9.9888757
1,2474.4,0.0,00:15:51.9,00:03:26.6,2.42,00:00:00.0,0.00,20.0,340,7.5,0.0,---,---,---,---,---,---,---,---,---,---,10.0162674,9.9888219
1,2481.6,0.0,00:15:54.7,00:03:24.1,2.45,00:00:00.0,0.00,21.5,341,7.2,0.0,---,---,---,---,---,---,---,---,---,---,10.0163084,9.9887713
1,2488.7,0.0,00:15:57.5,00:03:21.6,2.48,00:00:00.0,0.00,21.5,342,7.1,0.0,---,---,---,---,---,---,---,---,---,---,10.0163488,9.9887218
1,2495.8,0.0,00:16:00.4,00:03:19.2,2.51,00:00:00.0,0.00,21.0,343,7.1,0.0,---,---,---,---,---,---,---,---,---,---,10.0163877,9.9886701
1,2503.1,0.0,00:16:03.1,00:03:16.1,2.55,00:00:00.0,0.00,21.5,344,7.3,0.0,---,---,---,---,---,---,---,---,---,---,10.0164262,9.9886162
1,2510.3,0.0,00:16:05.9,00:03:14.6,2.57,00:00:00.0,0.00,21.5,345,7.3,0.0,---,---,---,---,---,---,---,---,---,---,10.0164646,9.9885628
1,2517.4,0.0,00:16:08.7,00:03:16.1,2.55,00:00:00.0,0.00,21.5,346,7.1,0.0,---,---,---,---,---,---,---,---,---,---,10.0165028,9.9885109
1,2524.4,0.0,00:16:11.5,00:03:20.0,2.50,00:00:00.0,0.00,22.0,347,7.0,0.0,---,---,---,---,---,---,---,---,---,---,10.0165402,9.9884601
1,2531.2,0.0,00:16:14.2,00:03:20.0,2.50,00:00:00.0,0.00,22.0,348,6.8,0.0,---,---,---,---,---,---,---,---,---,---,10.0165770,9.9884108
1,2537.3,0.0,00:16:16.9,00:03:16.9,2.54,00:00:00.0,0.00,22.0,349,6.1,0.0,---,---,---,---,---,---,---,---,---,---,10.0166088,9.9883656
1,2544.6,0.0,00:16:19.9,00:03:17.6,2.53,00:00:00.0,0.00,21.5,350,7.3,0.0,---,---,---,---,---,---,---,---,---,---,10.0166473,9.9883111
1,2551.9,0.0,00:16:22.9,00:03:19.2,2.51,00:00:00.0,0.00,21.5,351,7.3,0.0,---,---,---,---,---,---,---,---,---,---,10.0166871,9.9882578
1,2558.7,0.0,00:16:25.4,00:03:23.3,2.46,00:00:00.0,0.00,22.0,352,6.8,0.0,---,---,---,---,---,---,---,---,---,---,10.0167238,9.9882084
1,2565.2,0.0,00:16:27.9,00:03:27.5,2.41,00:00:00.0,0.00,22.0,353,6.4,0.0,---,---,---,---,---,---,---,---,---,---,10.0167581,9.9881612
1,2572.2,0.0,00:16:30.8,00:03:27.5,2.41,00:00:00.0,0.00,22.0,354,7.0,0.0,---,---,---,---,---,---,---,---,---,---,10.0167945,9.9881092
1,2579.0,0.0,00:16:33.5,00:03:25.8,2.43,00:00:00.0,0.00,21.0,355,6.9,0.0,---,---,---,---,---,---,---,---,---,---,10.0168312,9.9880587
1,2586.1,0.0,00:16:36.4,00:03:24.1,2.45,00:00:00.0,0.00,21.0,356,7.1,0.0,---,---,---,---,---,---,---,---,---,---,10.0168695,9.9880070
1,2593.5,0.0,00:16:39.4,00:03:21.6,2.48,00:00:00.0,0.00,21.5,357,7.4,0.0,---,---,---,---,---,---,---,---,---,---,10.0169091,9.9879529
1,2600.5,0.0,00:16:42.1,00:03:20.8,2.49,00:00:00.0,0.00,21.0,358,7.0,0.0,---,---,---,---,---,---,---,---,---,---,10.0169459,9.9879008
1,2607.6,0.0,00:16:44.9,00:03:21.6,2.48,00:00:00.0,0.00,21.5,359,7.0,0.0,---,---,---,---,---,---,---,---,---,---,10.0169820,9.9878483
1,2614.7,0.0,00:16:47.7,00:03:21.6,2.48,00:00:00.0,0.00,21.5,360,7.1,0.0,---,---,---,---,---,---,---,---,---,---,10.0170177,9.9877944
1,2621.7,0.0,00:16:50.6,00:03:20.0,2.50,00:00:00.0,0.00,21.5,361,7.0,0.0,---,---,---,---,---,---,---,---,---,---,10.0170531,9.9877411
1,2628.7,0.0,00:16:53.4,00:03:20.0,2.50,00:00:00.0,0.00,21.5,362,6.9,0.0,---,---,---,---,---,---,---,---,---,---,10.0170877,9.9876883
1,2635.0,0.0,00:16:56.0,00:03:17.6,2.53,00:00:00.0,0.00,22.0,363,6.3,0.0,---,---,---,---,---,---,---,---,---,---,10.0171191,9.9876409
1,2642.2,0.0,00:16:58.9,00:03:12.3,2.60,00:00:00.0,0.00,21.5,364,7.3,0.0,---,---,---,---,---,---,---,---,---,---,10.0171565,9.9875864
1,2649.7,0.0,00:17:01.9,00:03:10.8,2.62,00:00:00.0,0.00,22.0,365,7.5,0.0,---,---,---,---,---,---,---,---,---,---,10.0171947,9.9875300
1,2656.9,0.0,00:17:04.4,00:03:14.6,2.57,00:00:00.0,0.00,21.5,366,7.1,0.0,---,---,---,---,---,---,---,---,---,---,10.0172299,9.9874758
1,2664.3,0.0,00:17:07.4,00:03:20.0,2.50,00:00:00.0,0.00,21.0,367,7.5,0.0,---,---,---,---,---,---,---,---,---,---,10.0172648,9.9874176
1,2671.3,0.0,00:17:10.2,00:03:24.1,2.45,00:00:00.0,0.00,21.0,368,6.9,0.0,---,---,---,---,---,---,---,---,---,---,10.0172963,9.9873631
1,2678.6,0.0,00:17:13.1,00:03:28.3,2.40,00:00:00.0,0.00,20.0,369,7.4,0.0,---,---,---,---,---,---,---,---,---,---,10.0173317,9.9873061
1,2685.7,0.0,00:17:16.0,00:03:28.3,2.40,00:00:00.0,0.00,21.0,370,7.0,0.0,---,---,---,---,---,---,---,---,---,---,10.0173646,9.9872516
1,2692.7,0.0,00:17:18.7,00:03:25.8,2.43,00:00:00.0,0.00,21.5,371,7.1,0.0,---,---,---,---,---,---,---,---,---,---,10.0173975,9.9871964
1,2699.3,0.0,00:17:21.5,00:03:28.3,2.40,00:00:00.0,0.00,22.0,372,6.6,0.0,---,---,---,---,---,---,---,---,---,---,10.0174279,9.9871445
1,2706.1,0.0,00:17:24.4,00:03:29.2,2.39,00:00:00.0,0.00,21.5,373,6.8,0.0,---,---,---,---,---,---,---,---,---,---,10.0174589,9.9870913
1,2712.9,0.0,00:17:27.1,00:03:26.6,2.42,00:00:00.0,0.00,21.5,374,6.8,0.0,---,---,---,---,---,---,---,---,---,---,10.0174901,9.9870377
1,2719.9,0.0,00:17:29.9,00:03:26.6,2.42,00:00:00.0,0.00,22.0,375,7.0,0.0,---,---,---,---,---,---,---,---,---,---,10.0175212,9.9869827
1,2726.7,0.0,00:17:32.7,00:03:25.8,2.43,00:00:00.0,0.00,21.0,376,6.8,0.0,---,---,---,---,---,---,---,---,---,---,10.0175509,9.9869284
1,2733.7,0.0,00:17:35.6,00:03:24.9,2.44,00:00:00.0,0.00,21.0,377,7.0,0.0,---,---,---,---,---,---,---,---,---,---,10.0175813,9.9868728
1,2741.1,0.0,00:17:38.5,00:03:23.3,2.46,00:00:00.0,0.00,20.0,378,7.4,0.0,---,---,---,---,---,---,---,---,---,---,10.0176154,9.9868148
1,2747.4,0.0,00:17:41.2,00:03:24.1,2.45,00:00:00.0,0.00,22.0,379,6.3,0.0,---,---,---,---,---,---,---,---,---,---,10.0176434,9.9867643
1,2754.3,0.0,00:17:44.1,00:03:24.9,2.44,00:00:00.0,0.00,21.0,380,6.9,0.0,---,---,---,---,---,---,---,---,---,---,10.0176742,9.9867101
1,2760.7,0.0,00:17:46.9,00:03:23.3,2.46,00:00:00.0,0.00,21.5,381,6.4,0.0,---,---,---,---,---,---,---,---,---,---,10.0177026,9.9866594
1,2767.8,0.0,00:17:49.9,00:03:23.3,2.46,00:00:00.0,0.00,20.0,382,7.1,0.0,---,---,---,---,---,---,---,---,---,---,10.0177344,9.9866034
1,2774.9,0.0,00:17:52.9,00:03:22.4,2.47,00:00:00.0,0.00,21.5,383,7.1,0.0,---,---,---,---,---,---,---,---,---,---,10.0177664,9.9865472
1,2781.9,0.0,00:17:55.9,00:03:25.8,2.43,00:00:00.0,0.00,21.0,384,7.1,0.0,---,---,---,---,---,---,---,---,---,---,10.0177967,9.9864909
1,2789.1,0.0,00:17:58.9,00:03:29.2,2.39,00:00:00.0,0.00,21.0,385,7.2,0.0,---,---,---,---,---,---,---,---,---,---,10.0178287,9.9864339
1,2795.6,0.0,00:18:01.1,00:03:27.5,2.41,00:00:00.0,0.00,21.5,386,6.4,0.0,---,---,---,---,---,---,---,---,---,---,10.0178568,9.9863821
1,2802.9,0.0,00:18:04.1,00:03:27.5,2.41,00:00:00.0,0.00,21.5,387,7.3,0.0,---,---,---,---,---,---,---,---,---,---,10.0178882,9.9863237
1,2809.3,0.0,00:18:06.7,00:03:30.1,2.38,00:00:00.0,0.00,21.5,388,6.4,0.0,---,---,---,---,---,---,---,---,---,---,10.0179153,9.9862719
1,2816.5,0.0,00:18:09.7,00:03:31.9,2.36,00:00:00.0,0.00,21.5,389,7.2,0.0,---,---,---,---,---,---,---,---,---,---,10.0179458,9.9862143
1,2823.4,0.0,00:18:12.5,00:03:29.2,2.39,00:00:00.0,0.00,21.5,390,6.9,0.0,---,---,---,---,---,---,---,---,---,---,10.0179757,9.9861591
1,2830.3,0.0,00:18:15.4,00:03:27.5,2.41,00:00:00.0,0.00,21.0,391,6.9,0.0,---,---,---,---,---,---,---,---,---,---,10.0180050,9.9861039
1,2836.8,0.0,00:18:17.9,00:03:25.8,2.43,00:00:00.0,0.00,22.0,392,6.5,0.0,---,---,---,---,---,---,---,---,---,---,10.0180318,9.9860513
1,2843.8,0.0,00:18:20.8,00:03:23.3,2.46,00:00:00.0,0.00,21.5,393,7.0,0.0,---,---,---,---,---,---,---,---,---,---,10.0180601,9.9859942
1,2850.8,0.0,00:18:23.5,00:03:22.4,2.47,00:00:00.0,0.00,22.0,394,7.0,0.0,---,---,---,---,---,---,---,---,---,---,10.0180879,9.9859366
1,2857.9,0.0,00:18:26.4,00:03:19.2,2.51,00:00:00.0,0.00,22.0,395,7.1,0.0,---,---,---,---,---,---,---,---,---,---,10.0181167,9.9858786
1,2864.2,0.0,00:18:29.0,00:03:16.9,2.54,00:00:00.0,0.00,21.5,396,6.2,0.0,---,---,---,---,---,---,---,---,---,---,10.0181420,9.9858281
1,2871.0,0.0,00:18:31.9,00:03:18.4,2.52,00:00:00.0,0.00,22.0,397,6.8,0.0,---,---,---,---,---,---,---,---,---,---,10.0181697,9.9857722
1,2878.2,0.0,00:18:34.9,00:03:20.8,2.49,00:00:00.0,0.00,20.5,398,7.2,0.0,---,---,---,---,---,---,---,---,---,---,10.0181980,9.9857136
1,2885.5,0.0,00:18:37.9,00:03:22.4,2.47,00:00:00.0,0.00,21.0,399,7.3,0.0,---,---,---,---,---,---,---,---,---,---,10.0182265,9.9856532
1,2892.4,0.0,00:18:40.4,00:03:23.3,2.46,00:00:00.0,0.00,21.5,400,6.9,0.0,---,---,---,---,---,---,---,---,---,---,10.0182525,9.9855961
1,2899.3,0.0,00:18:43.1,00:03:24.9,2.44,00:00:00.0,0.00,22.0,401,6.9,0.0,---,---,---,---,---,---,---,---,---,---,10.0182785,9.9855388
1,2906.0,0.0,00:18:45.9,00:03:29.2,2.39,00:00:00.0,0.00,21.5,402,6.7,0.0,---,---,---,---,---,---,---,---,---,---,10.0183036,9.9854833
1,2912.8,0.0,00:18:48.7,00:03:31.9,2.36,00:00:00.0,0.00,21.5,403,6.7,0.0,---,---,---,---,---,---,---,---,---,---,10.0183285,9.9854275
1,2919.5,0.0,00:18:51.5,00:03:30.1,2.38,00:00:00.0,0.00,21.5,404,6.8,0.0,---,---,---,---,---,---,---,---,---,---,10.0183551,9.9853718
1,2926.6,0.0,00:18:54.4,00:03:24.9,2.44,00:00:00.0,0.00,21.0,405,7.1,0.0,---,---,---,---,---,---,---,---,---,---,10.0183845,9.9853143
1,2933.7,0.0,00:18:57.1,00:03:20.8,2.49,00:00:00.0,0.00,21.5,406,7.1,0.0,---,---,---,---,---,---,---,---,---,---,10.0184133,9.9852566
1,2941.3,0.0,00:19:00.2,00:03:19.2,2.51,00:00:00.0,0.00,21.0,407,7.6,0.0,---,---,---,---,---,---,---,---,---,---,10.0184442,9.9851954
1,2947.9,0.0,00:19:02.7,00:03:18.4,2.52,00:00:00.0,0.00,22.0,408,6.7,0.0,---,---,---,---,---,---,---,---,---,---,10.0184698,9.9851403
1,2955.2,0.0,00:19:05.5,00:03:17.6,2.53,00:00:00.0,0.00,21.5,409,7.2,0.0,---,---,---,---,---,---,---,---,---,---,10.0184986,9.9850811
1,2962.3,0.0,00:19:08.4,00:03:16.1,2.55,00:00:00.0,0.00,21.5,410,7.1,0.0,---,---,---,---,---,---,---,---,---,---,10.0185280,9.9850232
1,2969.1,0.0,00:19:11.1,00:03:15.3,2.56,00:00:00.0,0.00,21.5,411,6.8,0.0,---,---,---,---,---,---,---,---,---,---,10.0185570,9.9849691
1,2975.8,0.0,00:19:13.9,00:03:13.8,2.58,00:00:00.0,0.00,21.5,412,6.7,0.0,---,---,---,---,---,---,---,---,---,---,10.0185860,9.9849156
1,2983.2,0.0,00:19:16.9,00:03:13.8,2.58,00:00:00.0,0.00,22.0,413,7.5,0.0,---,---,---,---,---,---,---,---,---,---,10.0186193,9.9848567
1,2990.5,0.0,00:19:19.9,00:03:16.9,2.54,00:00:00.0,0.00,21.5,414,7.3,0.0,---,---,---,---,---,---,---,---,---,---,10.0186516,9.9847989
1,2997.2,0.0,00:19:22.1,00:03:20.8,2.49,00:00:00.0,0.00,22.5,415,6.7,0.0,---,---,---,---,---,---,---,---,---,---,10.0186803,9.9847458
1,3004.1,0.0,00:19:24.9,00:03:23.3,2.46,00:00:00.0,0.00,22.0,416,6.9,0.0,---,---,---,---,---,---,---,---,---,---,10.0187116,9.9846906
1,3010.8,0.0,00:19:27.5,00:03:23.3,2.46,00:00:00.0,0.00,22.0,417,6.6,0.0,---,---,---,---,---,---,---,---,---,---,10.0187428,9.9846391
1,3017.4,0.0,00:19:30.1,00:03:22.4,2.47,00:00:00.0,0.00,23.5,418,6.7,0.0,---,---,---,---,---,---,---,---,---,---,10.0187736,9.9845876
1,3024.0,0.0,00:19:32.8,00:03:18.4,2.52,00:00:00.0,0.00,23.5,419,6.6,0.0,---,---,---,---,---,---,---,---,---,---,10.0188035,9.9845357
1,3030.7,0.0,00:19:35.4,00:03:16.1,2.55,00:00:00.0,0.00,22.5,420,6.7,0.0,---,---,---,---,---,---,---,---,---,---,10.0188337,9.9844824
1,3037.4,0.0,00:19:38.1,00:03:15.3,2.56,00:00:00.0,0.00,22.0,421,6.7,0.0,---,---,---,---,---,---,---,---,---,---,10.0188624,9.9844290
1,3044.1,0.0,00:19:40.9,00:03:14.6,2.57,00:00:00.0,0.00,21.5,422,6.7,0.0,---,---,---,---,---,---,---,---,---,---,10.0188920,9.9843757
1,3051.5,0.0,00:19:43.9,00:03:13.1,2.59,00:00:00.0,0.00,22.0,423,7.4,0.0,---,---,---,---,---,---,---,---,---,---,10.0189240,9.9843161
1,3058.5,0.0,00:19:46.4,00:03:13.8,2.58,00:00:00.0,0.00,22.0,424,7.0,0.0,---,---,---,---,---,---,---,---,---,---,10.0189542,9.9842601
1,3065.2,0.0,00:19:48.9,00:03:17.6,2.53,00:00:00.0,0.00,22.0,425,6.7,0.0,---,---,---,---,---,---,---,---,---,---,10.0189831,9.9842065
1,3072.3,0.0,00:19:51.7,00:03:20.0,2.50,00:00:00.0,0.00,22.0,426,7.1,0.0,---,---,---,---,---,---,---,---,---,---,10.0190149,9.9841500
1,3078.9,0.0,00:19:54.4,00:03:20.0,2.50,00:00:00.0,0.00,22.5,427,6.5,0.0,---,---,---,---,---,---,---,---,---,---,10.0190435,9.9840979
1,3086.0,0.0,00:19:57.1,00:03:18.4,2.52,00:00:00.0,0.00,22.0,428,7.1,0.0,---,---,---,---,---,---,---,---,---,---,10.0190753,9.9840416
1,3093.1,0.0,00:19:59.9,00:03:18.4,2.52,00:00:00.0,0.00,21.5,429,7.1,0.0,---,---,---,---,---,---,---,---,---,---,10.0191070,9.9839852
1,3100.2,0.0,00:20:02.7,00:03:19.2,2.51,00:00:00.0,0.00,22.0,430,7.1,0.0,---,---,---,---,---,---,---,---,---,---,10.0191373,9.9839286
1,3106.9,0.0,00:20:05.4,00:03:18.4,2.52,00:00:00.0,0.00,22.5,431,6.7,0.0,---,---,---,---,---,---,---,---,---,---,10.0191657,9.9838749
1,3113.0,0.0,00:20:08.0,00:03:16.9,2.54,00:00:00.0,0.00,22.0,432,6.2,0.0,---,---,---,---,---,---,---,---,---,---,10.0191916,9.9838251
1,3119.9,0.0,00:20:10.9,00:03:16.9,2.54,00:00:00.0,0.00,21.5,433,6.9,0.0,---,---,---,---,---,---,---,---,---,---,10.0192192,9.9837688
1,3127.2,0.0,00:20:13.9,00:03:18.4,2.52,00:00:00.0,0.00,22.0,434,7.3,0.0,---,---,---,---,---,---,---,---,---,---,10.0192498,9.9837102
1,3134.1,0.0,00:20:16.4,00:03:20.8,2.49,00:00:00.0,0.00,22.0,435,6.9,0.0,---,---,---,---,---,---,---,---,---,---,10.0192773,9.9836537
1,3141.2,0.0,00:20:19.1,00:03:24.1,2.45,00:00:00.0,0.00,21.5,436,7.0,0.0,---,---,---,---,---,---,---,---,---,---,10.0193044,9.9835957
1,3148.1,0.0,00:20:21.9,00:03:25.8,2.43,00:00:00.0,0.00,21.5,437,7.0,0.0,---,---,---,---,---,---,---,---,---,---,10.0193295,9.9835373
1,3154.8,0.0,00:20:24.6,00:03:22.4,2.47,00:00:00.0,0.00,21.5,438,6.7,0.0,---,---,---,---,---,---,---,---,---,---,10.0193530,9.9834810
1,3162.3,0.0,00:20:27.5,00:03:18.4,2.52,00:00:00.0,0.00,21.5,439,7.5,0.0,---,---,---,---,---,---,---,---,---,---,10.0193780,9.9834175
1,3168.9,0.0,00:20:30.1,00:03:20.0,2.50,00:00:00.0,0.00,22.0,440,6.6,0.0,---,---,---,---,---,---,---,---,---,---,10.0193981,9.9833612
1,3175.9,0.0,00:20:32.9,00:03:21.6,2.48,00:00:00.0,0.00,21.5,441,7.0,0.0,---,---,---,---,---,---,---,---,---,---,10.0194180,9.9833006
1,3183.0,0.0,00:20:35.7,00:03:20.0,2.50,00:00:00.0,0.00,22.0,442,7.0,0.0,---,---,---,---,---,---,---,---,---,---,10.0194371,9.9832395
1,3189.9,0.0,00:20:38.5,00:03:20.8,2.49,00:00:00.0,0.00,21.5,443,7.0,0.0,---,---,---,---,---,---,---,---,---,---,10.0194536,9.9831780
1,3196.5,0.0,00:20:41.2,00:03:20.8,2.49,00:00:00.0,0.00,22.0,444,6.5,0.0,---,---,---,---,---,---,---,---,---,---,10.0194665,9.9831200
1,3203.1,0.0,00:20:44.0,00:03:16.9,2.54,00:00:00.0,0.00,21.5,445,6.6,0.0,---,---,---,---,---,---,---,---,---,---,10.0194763,9.9830601
1,3210.3,0.0,00:20:46.9,00:03:10.1,2.63,00:00:00.0,0.00,22.0,446,7.2,0.0,---,---,---,---,---,---,---,---,---,---,10.0194848,9.9829954
1,3217.5,0.0,00:20:49.4,00:03:06.6,2.68,00:00:00.0,0.00,22.5,447,7.2,0.0,---,---,---,---,---,---,---,---,---,---,10.0194940,9.9829301
1,3225.0,0.0,00:20:52.1,00:03:08.0,2.66,00:00:00.0,0.00,22.5,448,7.5,0.0,---,---,---,---,---,---,---,---,---,---,10.0195028,9.9828624
1,3231.2,0.0,00:20:54.4,00:03:08.0,2.66,00:00:00.0,0.00,24.0,449,6.2,0.0,---,---,---,---,---,---,---,---,---,---,10.0195093,9.9828062
1,3237.6,0.0,00:20:56.4,00:02:56.1,2.84,00:00:00.0,0.00,31.0,450,6.4,0.0,---,---,---,---,---,---,---,---,---,---,10.0195175,9.9827485
1,3244.1,0.0,00:20:58.1,00:02:32.9,3.27,00:00:00.0,0.00,34.0,451,6.5,0.0,---,---,---,---,---,---,---,---,---,---,10.0195263,9.9826902
1,3250.8,0.0,00:20:59.9,00:02:20.8,3.55,00:00:00.0,0.00,31.0,452,6.8,0.0,---,---,---,---,---,---,---,---,---,---,10.0195350,9.9826292
1,3257.0,0.0,00:21:01.9,00:02:17.4,3.64,00:00:00.0,0.00,34.5,453,6.2,0.0,---,---,---,---,---,---,---,---,---,---,10.0195438,9.9825739
1,3264.4,0.0,00:21:03.6,00:02:09.2,3.87,00:00:00.0,0.00,33.5,454,7.5,0.0,---,---,---,---,---,---,---,---,---,---,10.0195536,9.9825064
1,3271.2,0.0,00:21:05.4,00:02:08.2,3.90,00:00:00.0,0.00,34.0,455,6.8,0.0,---,---,---,---,---,---,---,---,---,---,10.0195635,9.9824451
1,3278.2,0.0,00:21:07.1,00:02:10.2,3.84,00:00:00.0,0.00,34.0,456,7.0,0.0,---,---,---,---,---,---,---,---,---,---,10.0195740,9.9823823
1,3285.2,0.0,00:21:08.9,00:02:10.9,3.82,00:00:00.0,0.00,34.0,457,7.0,0.0,---,---,---,---,---,---,---,---,---,---,10.0195846,9.9823197
1,3291.5,0.0,00:21:10.9,00:02:11.6,3.80,00:00:00.0,0.00,34.0,458,6.3,0.0,---,---,---,---,---,---,---,---,---,---,10.0195960,9.9822629
1,3298.5,0.0,00:21:12.4,00:02:07.9,3.91,00:00:00.0,0.00,32.5,459,6.9,0.0,---,---,---,---,---,---,---,---,---,---,10.0196071,9.9822009
1,3305.4,0.0,00:21:14.2,00:02:09.2,3.87,00:00:00.0,0.00,32.5,460,6.9,0.0,---,---,---,---,---,---,---,---,---,---,10.0196180,9.9821389
1,3313.0,0.0,00:21:16.1,00:02:09.9,3.85,00:00:00.0,0.00,32.5,461,7.6,0.0,---,---,---,---,---,---,---,---,---,---,10.0196302,9.9820706
1,3319.9,0.0,00:21:17.9,00:02:09.9,3.85,00:00:00.0,0.00,34.0,462,7.0,0.0,---,---,---,---,---,---,---,---,---,---,10.0196418,9.9820081
1,3326.2,0.0,00:21:19.9,00:02:11.9,3.79,00:00:00.0,0.00,32.5,463,6.2,0.0,---,---,---,---,---,---,---,---,---,---,10.0196519,9.9819521
1,3333.4,0.0,00:21:21.5,00:02:11.9,3.79,00:00:00.0,0.00,34.0,464,7.2,0.0,---,---,---,---,---,---,---,---,---,---,10.0196630,9.9818877
1,3340.0,0.0,00:21:23.4,00:02:15.5,3.69,00:00:00.0,0.00,32.5,465,6.6,0.0,---,---,---,---,---,---,---,---,---,---,10.0196735,9.9818283
1,3347.9,0.0,00:21:25.9,00:02:17.4,3.64,00:00:00.0,0.00,27.5,466,8.0,0.0,---,---,---,---,---,---,---,---,---,---,10.0196864,9.9817569
1,3355.9,0.0,00:21:28.1,00:02:25.3,3.44,00:00:00.0,0.00,23.5,467,8.0,0.0,---,---,---,---,---,---,---,---,---,---,10.0196993,9.9816851
1,3363.3,0.0,00:21:30.9,00:02:50.6,2.93,00:00:00.0,0.00,22.0,468,7.4,0.0,---,---,---,---,---,---,---,---,---,---,10.0197100,9.9816186
1,3370.1,0.0,00:21:33.7,00:03:16.9,2.54,00:00:00.0,0.00,21.5,469,6.8,0.0,---,---,---,---,---,---,---,---,---,---,10.0197196,9.9815574
1,3376.3,0.0,00:21:36.4,00:03:31.9,2.36,00:00:00.0,0.00,22.0,470,6.2,0.0,---,---,---,---,---,---,---,---,---,---,10.0197276,9.9815019
1,3383.0,0.0,00:21:39.4,00:03:37.4,2.30,00:00:00.0,0.00,21.0,471,6.7,0.0,---,---,---,---,---,---,---,---,---,---,10.0197354,9.9814408
1,3389.8,0.0,00:21:42.4,00:03:40.3,2.27,00:00:00.0,0.00,20.0,472,6.8,0.0,---,---,---,---,---,---,---,---,---,---,10.0197416,9.9813793
1,3395.5,0.0,00:21:44.9,00:03:47.3,2.20,00:00:00.0,0.00,22.0,473,5.7,0.0,---,---,---,---,---,---,---,---,---,---,10.0197448,9.9813273
1,3401.8,0.0,00:21:47.9,00:03:53.6,2.14,00:00:00.0,0.00,21.0,474,6.4,0.0,---,---,---,---,---,---,---,---,---,---,10.0197475,9.9812697
1,3407.8,0.0,00:21:50.7,00:03:57.0,2.11,00:00:00.0,0.00,20.0,475,6.0,0.0,---,---,---,---,---,---,---,---,---,---,10.0197502,9.9812154
1,3413.7,0.0,00:21:53.5,00:04:00.4,2.08,00:00:00.0,0.00,21.0,476,5.9,0.0,---,---,---,---,---,---,---,---,---,---,10.0197531,9.9811617
1,3419.9,0.0,00:21:56.5,00:04:01.5,2.07,00:00:00.0,0.00,21.5,477,6.2,0.0,---,---,---,---,---,---,---,---,---,---,10.0197568,9.9811054
1,3425.4,0.0,00:21:59.2,00:04:01.5,2.07,00:00:00.0,0.00,22.0,478,5.5,0.0,---,---,---,---,---,---,---,---,---,---,10.0197587,9.9810554
1,3431.0,0.0,00:22:02.0,00:03:55.8,2.12,00:00:00.0,0.00,21.0,479,5.7,0.0,---,---,---,---,---,---,---,---,---,---,10.0197597,9.9810037
1,3437.0,0.0,00:22:04.9,00:03:50.4,2.17,00:00:00.0,0.00,21.5,480,5.9,0.0,---,---,---,---,---,---,---,---,---,---,10.0197601,9.9809497
1,3443.3,0.0,00:22:07.9,00:03:50.4,2.17,00:00:00.0,0.00,19.5,481,6.3,0.0,---,---,---,---,---,---,---,---,---,---,10.0197615,9.9808918
1,3449.6,0.0,00:22:10.9,00:03:49.4,2.18,00:00:00.0,0.00,21.0,482,6.3,0.0,---,---,---,---,---,---,---,---,---,---,10.0197631,9.9808347
1,3455.9,0.0,00:22:13.9,00:03:50.4,2.17,00:00:00.0,0.00,21.5,483,6.3,0.0,---,---,---,---,---,---,---,---,---,---,10.0197643,9.9807771
1,3462.0,0.0,00:22:16.4,00:03:51.5,2.16,00:00:00.0,0.00,21.5,484,6.1,0.0,---,---,---,---,---,---,---,---,---,---,10.0197649,9.9807215
1,3468.4,0.0,00:22:19.4,00:03:54.7,2.13,00:00:00.0,0.00,21.0,485,6.4,0.0,---,---,---,---,---,---,---,---,---,---,10.0197650,9.9806632
1,3474.6,0.0,00:22:22.2,00:03:55.8,2.12,00:00:00.0,0.00,20.0,486,6.2,0.0,---,---,---,---,---,---,---,---,---,---,10.0197648,9.9806066
1,3480.7,0.0,00:22:24.9,00:03:55.8,2.12,00:00:00.0,0.00,21.5,487,6.1,0.0,---,---,---,---,---,---,---,---,---,---,10.0197637,9.9805510
1,3486.8,0.0,00:22:27.7,00:03:55.8,2.12,00:00:00.0,0.00,22.0,488,6.1,0.0,---,---,---,---,---,---,---,---,---,---,10.0197637,9.9804954
1,3492.6,0.0,00:22:30.4,00:03:52.6,2.15,00:00:00.0,0.00,22.0,489,5.8,0.0,---,---,---,---,---,---,---,---,---,---,10.0197646,9.9804423
1,3499.1,0.0,00:22:33.4,00:03:49.4,2.18,00:00:00.0,0.00,21.5,490,6.5,0.0,---,---,---,---,---,---,---,---,---,---,10.0197662,9.9803828
1,3505.0,0.0,00:22:35.9,00:03:46.2,2.21,00:00:00.0,0.00,22.5,491,5.9,0.0,---,---,---,---,---,---,---,---,---,---,10.0197674,9.9803289
1,3511.0,0.0,00:22:38.5,00:03:44.2,2.23,00:00:00.0,0.00,22.5,492,5.9,0.0,---,---,---,---,---,---,---,---,---,---,10.0197668,9.9802747
1,3517.4,0.0,00:22:41.4,00:03:40.3,2.27,00:00:00.0,0.00,21.5,493,6.4,0.0,---,---,---,---,---,---,---,---,---,---,10.0197656,9.9802161
1,3523.6,0.0,00:22:44.1,00:03:35.5,2.32,00:00:00.0,0.00,22.0,494,6.2,0.0,---,---,---,---,---,---,---,---,---,---,10.0197660,9.9801599
1,3529.6,0.0,00:22:46.9,00:03:33.7,2.34,00:00:00.0,0.00,21.5,495,6.0,0.0,---,---,---,---,---,---,---,---,---,---,10.0197656,9.9801049
1,3536.4,0.0,00:22:49.9,00:03:32.8,2.35,00:00:00.0,0.00,22.0,496,6.8,0.0,---,---,---,---,---,---,---,---,---,---,10.0197644,9.9800431
1,3542.9,0.0,00:22:52.4,00:03:34.6,2.33,00:00:00.0,0.00,21.5,497,6.5,0.0,---,---,---,---,---,---,---,---,---,---,10.0197639,9.9799839
1,3549.3,0.0,00:22:55.1,00:03:37.4,2.30,00:00:00.0,0.00,21.5,498,6.4,0.0,---,---,---,---,---,---,---,---,---,---,10.0197616,9.9799252
1,3556.2,0.0,00:22:58.1,00:03:40.3,2.27,00:00:00.0,0.00,21.0,499,6.9,0.0,---,---,---,---,---,---,---,---,---,---,10.0197593,9.9798625
1,3562.8,0.0,00:23:00.9,00:03:40.3,2.27,00:00:00.0,0.00,21.0,500,6.6,0.0,---,---,---,---,---,---,---,---,---,---,10.0197571,9.9798021
1,3569.4,0.0,00:23:03.7,00:03:39.3,2.28,00:00:00.0,0.00,22.0,501,6.6,0.0,---,---,---,---,---,---,---,---,---,---,10.0197532,9.9797423
1,3575.9,0.0,00:23:06.6,00:03:37.4,2.30,00:00:00.0,0.00,21.5,502,6.6,0.0,---,---,---,---,---,---,---,---,---,---,10.0197486,9.9796826
1,3582.5,0.0,00:23:09.4,00:03:35.5,2.32,00:00:00.0,0.00,22.0,503,6.5,0.0,---,---,---,---,---,---,---,---,---,---,10.0197452,9.9796230
1,3588.7,0.0,00:23:11.9,00:03:35.5,2.32,00:00:00.0,0.00,21.5,504,6.2,0.0,---,---,---,---,---,---,---,---,---,---,10.0197410,9.9795666
1,3595.7,0.0,00:23:14.9,00:03:35.5,2.32,00:00:00.0,0.00,21.5,505,7.0,0.0,---,---,---,---,---,---,---,---,---,---,10.0197350,9.9795031
1,3602.5,0.0,00:23:17.7,00:03:32.8,2.35,00:00:00.0,0.00,21.0,506,6.8,0.0,---,---,---,---,---,---,---,---,---,---,10.0197297,9.9794409
1,3609.6,0.0,00:23:20.7,00:03:32.8,2.35,00:00:00.0,0.00,20.0,507,7.1,0.0,---,---,---,---,---,---,---,---,---,---,10.0197233,9.9793767
1,3616.2,0.0,00:23:23.5,00:03:34.6,2.33,00:00:00.0,0.00,21.0,508,6.7,0.0,---,---,---,---,---,---,---,---,---,---,10.0197180,9.9793162
1,3622.8,0.0,00:23:26.4,00:03:34.6,2.33,00:00:00.0,0.00,21.5,509,6.6,0.0,---,---,---,---,---,---,---,---,---,---,10.0197118,9.9792565
1,3629.2,0.0,00:23:29.1,00:03:31.9,2.36,00:00:00.0,0.00,21.5,510,6.3,0.0,---,---,---,---,---,---,---,---,---,---,10.0197057,9.9791990
1,3635.5,0.0,00:23:31.9,00:03:24.9,2.44,00:00:00.0,0.00,22.5,511,6.3,0.0,---,---,---,---,---,---,---,---,---,---,10.0196994,9.9791416
1,3642.7,0.0,00:23:34.9,00:03:20.0,2.50,00:00:00.0,0.00,21.5,512,7.2,0.0,---,---,---,---,---,---,---,---,---,---,10.0196922,9.9790762
1,3650.0,0.0,00:23:37.9,00:03:20.8,2.49,00:00:00.0,0.00,21.0,513,7.3,0.0,---,---,---,---,---,---,---,---,---,---,10.0196850,9.9790101
1,3656.9,0.0,00:23:40.4,00:03:24.9,2.44,00:00:00.0,0.00,22.0,514,6.9,0.0,---,---,---,---,---,---,---,---,---,---,10.0196775,9.9789477
1,3663.4,0.0,00:23:42.9,00:03:27.5,2.41,00:00:00.0,0.00,22.0,515,6.5,0.0,---,---,---,---,---,---,---,---,---,---,10.0196706,9.9788889
1,3669.9,0.0,00:23:45.5,00:03:27.5,2.41,00:00:00.0,0.00,22.5,516,6.5,0.0,---,---,---,---,---,---,---,---,---,---,10.0196630,9.9788305
1,3676.9,0.0,00:23:48.4,00:03:24.1,2.45,00:00:00.0,0.00,22.5,517,7.0,0.0,---,---,---,---,---,---,---,---,---,---,10.0196552,9.9787670
1,3683.1,0.0,00:23:50.7,00:03:20.8,2.49,00:00:00.0,0.00,23.5,518,6.2,0.0,---,---,---,---,---,---,---,---,---,---,10.0196473,9.9787112
1,3689.5,0.0,00:23:53.4,00:03:21.6,2.48,00:00:00.0,0.00,22.5,519,6.4,0.0,---,---,---,---,---,---,---,---,---,---,10.0196376,9.9786532
1,3696.0,0.0,00:23:56.1,00:03:21.6,2.48,00:00:00.0,0.00,22.5,520,6.5,0.0,---,---,---,---,---,---,---,---,---,---,10.0196260,9.9785951
1,3702.5,0.0,00:23:58.9,00:03:18.4,2.52,00:00:00.0,0.00,22.5,521,6.5,0.0,---,---,---,---,---,---,---,---,---,---,10.0196130,9.9785372
1,3709.5,0.0,00:24:01.4,00:03:16.9,2.54,00:00:00.0,0.00,22.5,522,7.0,0.0,---,---,---,---,---,---,---,---,---,---,10.0195979,9.9784752
1,3716.5,0.0,00:24:04.1,00:03:20.0,2.50,00:00:00.0,0.00,21.5,523,6.9,0.0,---,---,---,---,---,---,---,---,---,---,10.0195832,9.9784136
1,3723.4,0.0,00:24:06.9,00:03:24.9,2.44,00:00:00.0,0.00,22.0,524,7.0,0.0,---,---,---,---,---,---,---,---,---,---,10.0195695,9.9783516
1,3729.9,0.0,00:24:09.5,00:03:26.6,2.42,00:00:00.0,0.00,22.0,525,6.5,0.0,---,---,---,---,---,---,---,---,---,---,10.0195557,9.9782940
1,3736.8,0.0,00:24:12.4,00:03:24.1,2.45,00:00:00.0,0.00,22.5,526,6.9,0.0,---,---,---,---,---,---,---,---,---,---,10.0195405,9.9782329
1,3743.9,0.0,00:24:15.1,00:03:21.6,2.48,00:00:00.0,0.00,21.5,527,7.0,0.0,---,---,---,---,---,---,---,---,---,---,10.0195250,9.9781707
1,3750.8,0.0,00:24:17.9,00:03:22.4,2.47,00:00:00.0,0.00,21.5,528,6.9,0.0,---,---,---,---,---,---,---,---,---,---,10.0195097,9.9781096
1,3759.4,0.0,00:24:21.5,00:03:25.8,2.43,00:00:00.0,0.00,17.0,529,8.6,0.0,---,---,---,---,---,---,---,---,---,---,10.0194893,9.9780342
1,3765.1,0.0,00:24:23.9,00:03:31.0,2.37,00:00:00.0,0.00,23.5,530,5.7,0.0,---,---,---,---,---,---,---,---,---,---,10.0194744,9.9779842
1,3772.7,0.0,00:24:27.4,00:03:37.4,2.30,00:00:00.0,0.00,18.0,531,7.6,0.0,---,---,---,---,---,---,---,---,---,---,10.0194511,9.9779191
1,3778.1,0.0,00:24:29.7,00:03:44.2,2.23,00:00:00.0,0.00,22.5,532,5.4,0.0,---,---,---,---,---,---,---,---,---,---,10.0194335,9.9778728
1,3785.1,0.0,00:24:32.7,00:03:43.2,2.24,00:00:00.0,0.00,21.0,533,7.0,0.0,---,---,---,---,---,---,---,---,---,---,10.0194098,9.9778140
1,3791.8,0.0,00:24:35.5,00:03:36.4,2.31,00:00:00.0,0.00,21.5,534,6.7,0.0,---,---,---,---,---,---,---,---,---,---,10.0193863,9.9777579
1,3798.5,0.0,00:24:38.4,00:03:34.6,2.33,00:00:00.0,0.00,21.0,535,6.7,0.0,---,---,---,---,---,---,---,---,---,---,10.0193615,9.9777023
1,3806.3,0.0,00:24:41.5,00:03:29.2,2.39,00:00:00.0,0.00,20.0,536,7.9,0.0,---,---,---,---,---,---,---,---,---,---,10.0193317,9.9776373
1,3813.3,0.0,00:24:44.4,00:03:23.3,2.46,00:00:00.0,0.00,20.0,537,7.0,0.0,---,---,---,---,---,---,---,---,---,---,10.0193011,9.9775820
1,3820.2,0.0,00:24:47.2,00:03:22.4,2.47,00:00:00.0,0.00,21.5,538,7.0,0.0,---,---,---,---,---,---,---,---,---,---,10.0192663,9.9775291
1,3826.9,0.0,00:24:50.0,00:03:18.4,2.52,00:00:00.0,0.00,21.0,539,6.7,0.0,---,---,---,---,---,---,---,---,---,---,10.0192296,9.9774808
1,3834.1,0.0,00:24:52.9,00:03:13.1,2.59,00:00:00.0,0.00,21.5,540,7.2,0.0,---,---,---,---,---,---,---,---,---,---,10.0191869,9.9774318
1,3841.9,0.0,00:24:55.9,00:03:10.1,2.63,00:00:00.0,0.00,21.0,541,7.8,0.0,---,---,---,---,---,---,---,---,---,---,10.0191379,9.9773813
1,3849.7,0.0,00:24:58.9,00:03:07.3,2.67,00:00:00.0,0.00,21.0,542,7.8,0.0,---,---,---,---,---,---,---,---,---,---,10.0190861,9.9773329
1,3857.5,0.0,00:25:01.9,00:03:08.7,2.65,00:00:00.0,0.00,21.0,543,7.9,0.0,---,---,---,---,---,---,---,---,---,---,10.0190321,9.9772873
1,3865.1,0.0,00:25:04.4,00:03:11.6,2.61,00:00:00.0,0.00,21.0,544,7.6,0.0,---,---,---,---,---,---,---,---,---,---,10.0189788,9.9772449
1,3872.4,0.0,00:25:07.1,00:03:13.1,2.59,00:00:00.0,0.00,22.0,545,7.3,0.0,---,---,---,---,---,---,---,---,---,---,10.0189249,9.9772070
1,3879.0,0.0,00:25:09.7,00:03:17.6,2.53,00:00:00.0,0.00,22.0,546,6.7,0.0,---,---,---,---,---,---,---,---,---,---,10.0188742,9.9771749
1,3885.9,0.0,00:25:12.5,00:03:21.6,2.48,00:00:00.0,0.00,22.0,547,6.9,0.0,---,---,---,---,---,---,---,---,---,---,10.0188198,9.9771445
1,3892.4,0.0,00:25:15.1,00:03:24.1,2.45,00:00:00.0,0.00,22.5,548,6.5,0.0,---,---,---,---,---,---,---,---,---,---,10.0187675,9.9771183
1,3899.3,0.0,00:25:17.9,00:03:25.8,2.43,00:00:00.0,0.00,21.5,549,6.9,0.0,---,---,---,---,---,---,---,---,---,---,10.0187106,9.9770931
